,timestamp,open,high,low,close,volume,hlp,dpc
0,1483228800000,8.06720529468682,8.600720056799904,8.039163150410591,8.19238596168356,13953478.62946424,6.854619753216702,1.5517228386289468
1,1483315200000,8.18233347949739,8.474711176537625,8.027133459542604,8.380767903778816,12235111.25256307,5.3405334944690654,2.425156891718568
2,1483401600000,8.366418432480163,9.950533422945607,8.249525197303242,9.59977268476524,30262278.194584984,17.719255252177494,14.74172326233339
3,1483488000000,9.618585238632582,11.133654177227658,9.473733741300142,11.051123326925959,36880752.87017388,15.020377447812344,14.893438616519791
4,1483574400000,11.05795274819311,11.64639898375888,9.19137806255759,10.248087354206028,40953474.51182109,23.95589378142546,-7.323827587519896
5,1483660800000,10.229692165234695,10.473487940515994,9.506621141291285,10.115567087386927,30033385.0410861,9.558206582706497,-1.1156257295368026
6,1483747200000,10.127042996655176,10.168624040181136,9.532518746939793,9.869153138217266,21164252.11343271,6.445388822452166,-2.546546494599531
7,1483833600000,9.865231693711928,10.478522736429083,9.787456867427949,10.338452650914459,16210929.681251239,6.684422633980995,4.796855987722618
8,1483920000000,10.329679000552892,10.854550191246371,10.10412262758685,10.332161959340727,25291148.32497438,7.263025556631946,0.024037134045525942
9,1484006400000,10.292586087877455,10.724348102364631,10.26113498237321,10.54090046066203,15327686.38699661,4.394435956587417,2.4125557043145696
10,1484092800000,10.522892234738775,10.82,9.463997945485843,9.654058195518589,24092244.361982573,14.045927909815301,-8.256608733024379
11,1484179200000,9.661660595824122,10.066136654442328,9.140348322763261,9.719562505407309,17662702.769747745,9.525000031267055,0.5992956284162229
12,1484265600000,9.722478467943949,9.87419898150343,9.432799468240376,9.780035589239997,13953523.874440635,4.513271032967222,0.5920005015780692
13,1484352000000,9.736793330951711,9.908642084514693,9.560421717494656,9.708989512887968,8077371.798473883,3.5865768168541137,-0.2855541564732563
14,1484438400000,9.764904619970297,10.0,9.685268676080973,9.777328220187758,6379060.719445677,3.2189910866363745,0.1272270513738963
15,1484524800000,9.781369515196,9.89067285929156,9.539182091979102,9.590598193988765,10050570.546760747,3.6649514472701616,-1.9503538938065785
16,1484611200000,9.6039346399307,10.588130393653309,9.572032586546367,10.253170239141001,20659304.801792122,9.910084231587566,6.760100141778835
17,1484697600000,10.26373713900072,10.488832061806917,9.853891281854011,10.26132056112736,13207101.534758491,6.187710209134607,-0.02354481453132095
18,1484784000000,10.257699567868274,10.52797201478241,10.158510986996689,10.417353006262305,11675480.787389921,3.546592186744782,1.556425369428222
19,1484870400000,10.433543875264297,10.778428072971268,10.31928558366623,10.599140762524385,13467644.783166572,4.33188406109708,1.587158584272437
20,1484956800000,10.60928801481848,11.01308123655729,10.549659571070462,10.938479924339585,12334099.48453046,4.236618512739172,3.102865235266569
21,1485043200000,10.935108851420583,11.007594575695084,10.571416020527739,10.719234491257128,9210025.630579384,4.069120379100792,-1.974140020887049
22,1485129600000,10.709898938394849,10.989427384451407,10.631049709037026,10.744345064137244,8779166.206310295,3.3355004262715244,0.32162885887658776
23,1485216000000,10.686140174856478,10.775039195141904,10.5029026517027,10.563503488311982,10072102.867127903,2.576195896941869,-1.1476237868659904
24,1485302400000,10.572903592284593,10.629044455088255,10.407355990084547,10.493128489621299,7743485.580816319,2.1127013285216103,-0.7545240715285539
25,1485388800000,10.488393024654126,10.659215896326073,10.439771596236948,10.545951199301863,9830559.126395648,2.0808393282120585,0.5487797273847352
26,1485475200000,10.560355184093181,10.601835731609913,10.402498534132995,10.522615087758625,10881098.160062682,1.8943693731495994,-0.3573752556296857
27,1485561600000,10.507801453984847,10.584011852222515,10.413921156214238,10.550540893750483,6426246.6315310085,1.6121514311084142,0.40674007738724893
28,1485648000000,10.545804967199082,10.58,10.39827694516454,10.468028472809493,5006571.004445148,1.7359816636674488,-0.7375112154216709
29,1485734400000,10.45035490936773,10.733083075116486,10.414174890776415,10.50749947370196,13790500.679739447,3.0350530603235355,0.5468193647950227
30,1485820800000,10.533571671384479,10.774495634201815,10.48336477117185,10.656061473095352,19616162.982393812,2.7320681638804167,1.1628515524665728
31,1485907200000,10.662672293394284,10.793885379390886,10.46200414418446,10.666549993197272,18333803.680276718,3.111420613207527,0.03636705411447782
32,1485993600000,10.671755635510488,10.974613179311216,10.53884083432204,10.792963404325501,23871006.369139314,4.0375597383618675,1.1357809619599246
33,1486080000000,10.792136696452538,10.98456429081931,10.512564524322935,10.98336344161038,20025328.46005649,4.2974064275084345,1.7719081080644512
34,1486166400000,10.984910540563655,11.419635926281416,10.98231226651407,11.345654116839752,16044154.383151103,3.8545477877582175,3.2839919355190856
35,1486252800000,11.340980582363043,11.44,11.096723715125673,11.186183835994981,7043012.981912286,3.0687523994530594,-1.3649326462016373
36,1486339200000,11.166463950141509,11.358917226652459,11.12390743318306,11.301611188778171,7560216.419674614,2.0794361931575667,1.2102957502043399
37,1486425600000,11.281924166743947,11.517618997769903,11.239754662854166,11.447477227296881,9927409.163964018,2.4272975555973195,1.467418661090985
38,1486512000000,11.444110812609253,11.606254045949072,11.122010666616971,11.370015894620717,11079212.939252969,4.258950768584255,-0.6474501968898875
39,1486598400000,11.35172039822889,11.56,10.512592435910742,10.94464751068552,13337473.690813264,9.57004383253686,-3.586001709545998
40,1486684800000,11.02,11.45,10.740599147945279,11.32406403362987,7954078.705316872,6.264542923352985,2.7592017570768674
41,1486771200000,11.44,11.57541299547519,11.139,11.387965210837619,4846886.205399555,3.832229791674008,-0.4548495556152159
42,1486857600000,11.51,11.53,11.221,11.455560204644746,3801560.0872507268,2.6973800886203088,-0.47297823940272815
43,1486944000000,11.5,11.54,11.135,11.356933537443195,4218150.900407281,3.566103461508657,-1.2440561961461265
44,1487030400000,11.42,13.515538475832653,11.31,13.086804806141465,30335740.960541222,16.853147185305474,14.595488670240503
45,1487116800000,13.089721466514254,13.16233,12.628288479920776,12.927648110301716,13920651.955718704,4.131002913466218,-1.2381726886026523
46,1487203200000,12.98001,12.98001,12.547433703371912,12.848185082681084,37190487.24552064,3.3668280293625794,-1.0155995050767748
47,1487289600000,12.92,12.947003048603538,12.652377778807955,12.752103079231016,8457877.845110476,2.3104053344379785,-1.2995117706577675
48,1487376000000,12.77,12.934997506957927,12.70002,12.88223449640879,5693934.131954596,1.8240430805962442,0.8788919060985941
49,1487462400000,12.87,13.03,12.6817609444342,12.846334198840234,4765245.508278274,2.71080488936087,-0.18388345889483657
50,1487548800000,12.883806223060153,12.988850387136505,12.315381966141235,12.39887052405607,9029722.74173123,5.431691698760939,-3.7639164281756914
51,1487635200000,12.51976455654267,12.87,12.188938459982861,12.793804821796385,11334831.629607197,5.3233697832941465,2.1888611723972504
52,1487721600000,12.83,12.9,12.599655804942898,12.679149622979207,6862604.25402004,2.3688039339229,-1.1757628762337755
53,1487808000000,12.681140219035896,13.40425631750734,12.59253946904767,13.23699940186986,10124695.12070993,6.132181650963934,4.383353336000121
54,1487894400000,13.210132918389762,13.334081570668053,12.465277682203155,13.116046521845442,13964871.253815379,6.623976874570099,-0.7122289921348386
55,1487980800000,13.18,13.827186237332953,12.999495485988303,13.583077051783919,12686500.38852471,6.0935438132992505,3.058247737359022
56,1488067200000,13.64,14.74,13.316005132000578,14.632178033653165,13842003.835615812,9.731940554060483,7.274032504788597
57,1488153600000,14.656965198369281,16.021819641274654,14.30253,15.552687811160915,24013191.882504992,11.054614238709636,6.111241997704209
58,1488240000000,15.597032616519785,16.7,15.117827939319941,15.801057041310008,50877016.62044803,10.013077331115602,1.308097699136232
59,1488326400000,15.62999,17.66049807778441,15.521571397652481,17.466730433346697,33209321.435276173,12.245718729639215,11.751385850833545
60,1488412800000,17.532595490988726,19.570078207986597,16.894354028526923,19.06371700590604,55270659.29047895,14.03568977986151,8.732999718748244
61,1488499200000,19.12623388124299,21.173466008601757,18.20259112053144,19.514869596696236,68788007.72641563,15.22364714429488,2.031951077594951
62,1488585600000,19.536189054019133,20.37,18.50765732381654,18.510248375980513,19077570.54789049,10.061143634356059,-5.251488277482425
63,1488672000000,18.65,19.456334595687593,18.172040703261125,19.30484926694498,17016430.440562297,6.652700959574546,3.511256123029395
64,1488758400000,19.39,20.43,18.9,19.561345522357758,24445638.28046639,7.821547849309642,0.8836798471261349
65,1488844800000,19.68,19.68296716976821,18.514623611931718,18.892307441788653,27954229.044020154,6.184229011921475,-4.002502836439772
66,1488931200000,18.922278318842544,18.92588090926462,16.510751627404446,16.53996270808317,32377457.558990303,14.601781905347874,-12.590004071481692
67,1489017600000,16.59250558443773,18.00700225688947,15.77237150074085,17.72178768080237,19732603.228773527,12.609510938726284,6.805976894916974
68,1489104000000,17.761710886992432,19.650981818829827,16.22769424168659,19.232435607704932,62110561.57717505,17.799553041382836,8.280309988547145
69,1489190400000,19.191057556543846,21.680697676174198,18.803409103588802,21.41674721666598,46135370.30173557,13.434759926317671,11.597535224749546
70,1489276800000,21.484524510887574,23.46,21.222225404849475,23.340626506137152,47769311.59888133,9.587465848708597,8.639250984162917
71,1489363200000,23.31021910824867,30.764340827560915,23.302779661672904,28.40757637736835,164840189.59841856,26.266095589317718,21.86747900330076
72,1489449600000,28.50057284249536,30.10639740392658,27.097029421743684,28.617520570532513,69535280.70852534,10.515823601020289,0.41033465777495054
73,1489536000000,28.674531339377516,35.2022983407565,28.26525571121581,35.10722364616177,108738046.13729693,19.759587654830423,22.433469724928027
74,1489622400000,35.16259196778423,46.627858624162954,34.95371067174909,45.18828608937498,273021581.4859656,25.83445614494943,28.512386489529074
75,1489708800000,45.38272644572196,52.82532889004392,34.379809596294265,44.5283931014924,307847910.8266168,41.4241745748769,-1.8825077538066108
76,1489795200000,44.344634959237844,45.098163187246556,30.73244803736544,33.93316376111888,182360976.4966574,42.335324967080034,-23.478536259661002
77,1489881600000,34.04228160865219,45.595183321552405,33.87454539231386,43.16609017209748,140896611.14925984,27.15241960184467,26.801401469889687
78,1489968000000,43.01458909763159,45.199222541458745,40.7402274308258,42.29209138997705,102496538.0214937,10.543330831091744,-1.67965735070644
79,1490054400000,42.07646644659685,43.66145785543784,41.44276056801833,42.49084689543041,63010566.74681173,5.221588764468977,0.9848271108019268
80,1490140800000,42.38,42.85137155243591,38.22229118593872,41.46663241159399,72220455.28558674,11.163386311551315,-2.1551854374846884
81,1490227200000,41.38108345112308,44.18573298606115,40.06652602632413,43.10926551596696,66793123.29759609,9.555270567556606,4.176261036966579
82,1490313600000,43.00247107490886,61.57379125306228,42.39256376249902,53.04178022134664,184967399.716397,36.162488156541514,23.345888958217405
83,1490400000000,53.25708218463556,53.41746944800218,47.42785350873066,50.74791255680634,149775431.36154947,11.802684361779118,-4.71142902483888
84,1490486400000,50.87669140898612,51.832884510564966,48.19025320247343,50.382169912045356,92254378.72300237,7.2300008404772145,-0.9720001109455358
85,1490572800000,50.36408258697671,51.522504726655086,47.8617585978468,48.85421394455029,96764314.86084986,7.493204440794493,-2.9979075660098395
86,1490659200000,48.81512350356091,50.58628377573806,48.02932044044769,50.349021176341004,84878502.57809308,5.078476751980803,3.1422591252241725
87,1490745600000,50.28967931530289,53.98370953170241,49.85427125004394,52.847485926005305,106660670.64368327,7.813878388539293,5.0861461944619855
88,1490832000000,53.02175246852805,53.28387815927285,51.24141812703964,51.78734243539316,57956057.18038723,3.9439367540075425,-2.3281200180390065
89,1490918400000,51.73354412500598,52.15651732371379,46.79245297883775,49.72599945914959,105816629.01165034,10.787242897516167,-3.880547331158039
90,1491004800000,49.983709630940695,51.86039016996875,48.54682063431724,50.49314981043869,62128361.145362586,6.56241400683322,1.0192124259273496
91,1491091200000,50.72,51.30589019447552,42.784589206313704,48.28946472387749,92145163.01041692,17.64629414901824,-4.792064818853533
92,1491177600000,48.643665112138,48.77619956976102,42.66699630742434,44.0515797756996,130763607.85860372,13.86829551503787,-9.44025357845115
93,1491264000000,44.32892652912018,45.92002131776171,41.19791623163193,44.41887329493744,100963559.80176623,10.630852914200265,0.20290761103401098
94,1491350400000,44.48178610192015,47.44,44.13780901763338,45.003187304288616,82996992.79568477,7.337682462441794,1.172167864783556
95,1491436800000,45.166335622161135,45.972796136763776,40.75503424522864,43.23956754925879,93027455.98632143,12.067100082791129,-4.265938439240946
96,1491523200000,43.32840996137013,44.619615672546075,41.554102303732265,42.113275145051944,54794070.02237733,7.279209128843996,-2.804475902534963
97,1491609600000,42.30833518735108,45.891590404597366,42.108376678582104,44.45528215251973,41001542.66633582,8.510155695414543,5.074524808554805
98,1491696000000,44.59455555682774,44.82553196282803,42.9125143064441,43.821855219719524,30526467.999263633,4.365441962217711,-1.732723484873734
99,1491782400000,43.95,44.67132557069081,42.70369320641913,43.912351387795496,25119846.862906527,4.480817587961234,-0.08566237134131183
100,1491868800000,44.0433077848587,44.753,43.46886271672789,43.81081078545033,22262740.6386515,2.9310968234775836,-0.5278826934254405
101,1491955200000,43.89,48.1252185558687,43.30477548282608,46.57179959119056,45972994.92450852,10.350562175730149,6.110274757782094
102,1492041600000,46.76344507333498,51.183071993333016,46.41898225887053,50.16792833197105,77042625.07536069,9.496285561041248,7.280223373827825
103,1492128000000,50.13099385556689,50.646,46.332992564021495,47.548347767780584,49060684.71049274,9.070782978711742,-5.151795105493432
104,1492214400000,47.91765598845513,52.084291577830726,46.81,49.28408906866796,31725629.785401173,10.701814069206,2.85162755152724
105,1492300800000,49.26719244052812,49.786,47.53889784259975,48.65630536868483,18698777.754472792,4.618316455335473,-1.2399469943019519
106,1492387200000,48.19,50.0,47.29385398348873,48.33969888327642,25073157.552541148,5.598185505966166,0.31064304477364946
107,1492473600000,47.94,52.399,47.64844169180473,51.12801704952554,45063655.00655053,9.291497269674295,6.650014704892661
108,1492560000000,49.87515553311181,52.63,46.126530555215915,48.46074532481143,38886351.72595339,13.420077221664965,-2.835901348440635
109,1492646400000,48.66992069219214,51.898,47.82632062944666,50.44024116678739,42957493.208950326,8.072283709131742,3.6374016012712507
110,1492732800000,50.76139552142525,52.106,47.93297200165733,48.31324788029214,26545520.928541996,8.637440415271529,-4.822853304140946
111,1492819200000,48.3587781388677,52.501,47.89998,49.50610482934625,22764347.701983355,9.293843690309087,2.372530354641865
112,1492905600000,48.512824084128724,50.9308800924948,48.09768805234096,49.89823653047095,31530455.36736251,5.677940218235403,2.855765403266795
113,1492992000000,50.04318828342531,51.47747609345624,49.88478676180229,50.91638150262895,46329546.671232134,3.128048939557332,1.7448792715967913
114,1493078400000,50.62510192839933,51.79035464240089,50.24811712928283,50.892812279897356,33657569.25608074,3.0303641006045234,0.5288095061549816
115,1493164800000,51.023627901006456,56.1797758541551,50.70643139860788,53.797474088646005,81612487.30767153,10.17398037411272,5.436395453928187
116,1493251200000,53.83501471763122,64.63968720507985,53.67387853035035,64.21830203179029,141674264.93672085,17.07583092013402,19.287237810967838
117,1493337600000,64.36163133434934,74.74049524302654,63.05966250141756,72.57561498169552,194233612.48284346,16.094707216129045,12.762236564010829
118,1493424000000,72.22134683578348,74.66026849675447,67.64761174790708,70.55080068302541,110931395.63219902,9.939868408232881,-2.313091940194002
119,1493510400000,70.93418328253358,81.62774235965021,70.17323596301381,80.88821008806721,125422647.14899153,14.160909710037206,14.032764380871713
120,1493596800000,81.05184716975381,84.98614239668491,73.01410592773179,77.3799115836762,242662826.0528981,15.47176292131962,-4.530353982417156
121,1493683200000,77.06919492550071,81.08650064990461,75.12586406190546,78.69012562451277,128999468.75567295,7.574821542974318,2.103214780664238
122,1493769600000,78.69911401588185,82.59088686348987,77.2846314590743,81.70425729342305,109397979.06204051,6.494466237370355,3.818522374895804
123,1493856000000,81.66562738811004,96.82581442235538,80.74580317992424,95.73080464368785,206403187.50509155,16.79711280217616,17.22288520326191
124,1493942400000,96.14271745250011,99.5615410604321,87.56011675482017,90.76359146685343,205360154.22116235,13.222729633825491,-5.594938574837216
125,1494028800000,90.58051963981049,95.98329297462149,89.70182638367416,95.62921314720259,91966629.90668269,6.568564546566158,5.573707820917801
126,1494115200000,95.11729058407634,97.52782949026326,72.67022571316052,91.61040882210676,119851850.26847392,27.1340386935423,-3.6869024973643123
127,1494201600000,91.52901587309424,93.31895392768455,84.85701429325508,87.38209961891974,160891466.30775893,9.683836473754532,-4.530712162276751
128,1494288000000,87.69699109993965,89.99618295262138,72.07749163380113,87.18824181573429,213772813.840786,20.551729161702838,-0.580121709792293
129,1494374400000,87.17770992765799,91.58020828109323,85.86703868509827,88.02482897636439,103877227.09647244,6.490406925447156,0.9717151889047806
130,1494460800000,87.98657133709162,91.67737709880161,86.61869239700908,88.23242731543144,108956553.54354441,5.733362274742484,0.27942443330119354
131,1494547200000,88.33473920622879,91.68598894518948,83.5671486332263,85.31412698108,110396019.1620294,9.51640789076314,-3.419506586300989
132,1494633600000,85.21088868977203,88.69062836033139,82.44122615978304,88.32706645185485,63024469.966715656,7.075296906814808,3.6570182637431543
133,1494720000000,88.2955414129189,90.0748144468709,87.44716506351438,89.4966262559002,54855240.227993935,2.936031773804764,1.3603006717681971
134,1494806400000,89.49878712083357,94.78115285213138,85.36520438460508,90.2605295381882,141286937.39204526,10.431966791799649,0.8511203803535196
135,1494892800000,90.23061685184848,91.99923956677503,85.77586586412843,87.27795694733027,115711283.15341151,7.13052174949767,-3.2723481314177953
136,1494979200000,87.08563493773178,89.86778918330678,82.31097739604395,86.82867841318108,137749380.7751561,8.70312888018766,-0.29506189480553474
137,1495065600000,86.89565553988098,96.83914912176718,86.62493364283993,96.13403233124173,139592992.35635218,10.62497352002556,10.63157500103187
138,1495152000000,96.04238097821546,129.31290881776908,95.95443511413498,124.81509425695948,343048450.48406214,26.72631375413482,29.95835066320389
139,1495238400000,124.36818105551781,128.7916689473139,120.23507165603426,121.94399431556074,196153313.44240025,7.016825501990105,-1.9492017326159259
140,1495324800000,122.0765636370182,147.331122395295,120.22131406396917,147.06295221328645,283177720.84349495,18.434152125552526,20.467801379601944
141,1495411200000,147.10292985420364,179.58615661723337,136.97450874965355,157.2108539559529,614461116.7764795,27.104774762891807,6.871327519966738
142,1495497600000,157.38115958068818,172.9101378187881,151.80476690918124,168.66010446064206,258703727.11599183,12.513552613464629,7.166642379560846
143,1495584000000,168.279333832623,228.41289278446118,160.32786767648628,187.74166578381386,389117072.2522401,36.265271655986794,11.565491440885328
144,1495670400000,187.61245907375826,211.4477280438893,166.53725541956882,173.44182998464277,444045312.1960042,25.893680104907236,-7.5531386130088665
145,1495756800000,173.98871029693868,194.2588391781601,146.3788358168803,160.71494222939577,297218466.8015649,29.79188039214081,-7.629097339068243
146,1495843200000,160.74209509409457,168.64474008183515,116.79084529515183,154.2731192328318,367039952.6870197,33.611749762072606,-4.024444161609312
147,1495929600000,155.63876358803333,181.72840492534863,155.52686675026433,170.0592089434851,236651223.93477276,15.407303337387463,9.265330193461208
148,1496016000000,170.10982130669416,197.76680456282023,162.6703263327065,194.05721669959797,253596103.04092434,18.0856341377107,14.077608928721762
149,1496102400000,192.75436453331264,233.63722442077676,184.25857412557002,229.45972516477178,571839933.9160838,21.519528213392842,19.04255746443322
150,1496188800000,230.8448444769816,233.47920298325465,211.50767945500138,226.8708246978603,480251097.1582682,9.68459631489165,-1.721511168302297
151,1496275200000,227.62244321032676,234.50141699823365,209.15552181664535,219.22991148839648,370612587.2487174,11.56133075523767,-3.68704052358117
152,1496361600000,219.29253408103685,227.57268144811133,216.08643075048275,221.76426326818552,206697003.00802502,5.179486779498798,1.1271378651838966
153,1496448000000,221.8490601862457,225.99037383107319,217.8385538942099,223.90301230475475,167528409.4273137,3.6407817174732044,0.9258331393356909
154,1496534400000,223.90158013756698,248.83630030195826,220.56804090505824,244.7309875985179,320509931.8780203,11.550747894367266,9.302930085689066
155,1496620800000,244.16541625327096,249.01051045982757,239.8501959066797,246.62280856722506,207362795.5417147,3.7143014493936977,1.00644569229455
156,1496707200000,247.49085216591138,268.72717260946354,243.94960275265313,263.97168902227526,366467524.2909987,9.386449716855639,6.6591701115948965
157,1496793600000,263.9804826007901,264.9613059066071,245.80937827597205,253.92280131037714,219306721.05594015,7.542421370511383,-3.810009433774269
158,1496880000000,253.8975036883611,260.6096120655226,247.8317433114812,259.1375348834264,191749915.8846158,4.930921628080444,2.0638372252359773
159,1496966400000,259.0762007774723,279.8982759247347,258.82238869273385,279.0678807933719,236629927.2044591,7.552243981673377,7.7165250825455
160,1497052800000,279.4174753882369,349.2010414353946,279.00886355344323,334.5801256347683,528235354.8698385,20.979183311854566,19.742018701545287
161,1497139200000,333.9436108620697,350.4191064833865,311.60869216261966,338.5548305905593,470638255.32499284,11.46355355587978,1.3808378356411097
162,1497225600000,339.649407791255,414.8371725445177,305.26721659013805,393.2111613212005,913026744.2634788,27.86542365334228,15.769717921270166
163,1497312000000,392.45795764281894,400.704524432664,355.6835329890863,386.2356490327357,547223280.3449577,11.656353202073774,-1.585471383344009
164,1497398400000,386.62348649230717,393.4930391829727,315.3050167344552,342.19732145953924,526789546.0181063,22.848811941317994,-11.490808651028988
165,1497484800000,341.09561559476396,349.30919285468474,260.7546175125986,343.2852714862835,828792312.2039924,25.796205866532347,0.6419478267703462
166,1497571200000,342.32825591964314,359.0355629333748,312.9804742042294,352.9706317678002,364041208.1347116,13.047852876168612,3.1088219170126696
167,1497657600000,351.97269566054905,369.0606788133783,340.7799754825355,367.43411242710937,251676205.84337687,7.696809407279245,4.392788689913516
168,1497744000000,367.99776571249436,379.2557736059786,339.4769524667922,350.4923169130611,275356093.4360818,11.349413159619544,-4.756944316099398
169,1497830400000,350.4916761909046,361.4192422161352,347.57493189498985,357.537696635435,229343756.75229087,3.8721260587136883,2.010324616294901
170,1497916800000,357.68044852213586,366.9109898804396,325.8101556124118,352.1966471737609,423208323.8091884,11.669853929004095,-1.533156584608679
171,1498003200000,352.10160469513545,355.07875625389534,253.56075021248654,324.8660342082273,613327718.6689787,31.249190543674825,-7.735145231868476
172,1498089600000,324.3360952848994,332.0410057979594,307.449307890832,321.12672962265736,344494942.1581573,7.657941752785274,-0.9895184991429613
173,1498176000000,321.63291251170034,333.037880313885,319.2586003571804,325.9553334247303,210253998.8936433,4.227352199434567,1.3438988190839287
174,1498262400000,325.9309774454523,330.05295114726016,297.9557150493673,302.4031074548222,229885598.44324672,10.614056306510687,-7.218666410610733
175,1498348800000,302.6402707936627,308.9565890083581,253.2642102479095,277.47892259809794,417416704.42635643,20.070850152865038,-8.31394583727409
176,1498435200000,278.1130805664026,292.67063378380135,210.55903925197848,252.8973137298753,746057727.6515173,32.46835378391086,-9.066731699628466
177,1498521600000,253.2567695440747,285.7805824979303,211.30589055583556,285.3265935583551,567787822.6635315,26.101559974942596,12.662968129939465
178,1498608000000,285.16008371335784,322.3259923207561,259.3611541056638,315.2298220338982,598882500.8410982,19.974264429943872,10.544862355548462
179,1498694400000,315.59931466750874,322.00131576285895,282.63922904715525,290.5483641820582,439013738.47090244,13.547516203202346,-7.937580761809413
180,1498780800000,290.728973009129,305.19627575736024,269.3414056528652,279.71027034058744,354360133.1352114,12.818574756242086,-3.790025656712088
181,1498867200000,280.17731374211314,281.1792891233969,249.5285727069331,259.554169040364,370286277.3240478,12.194262389806477,-7.3607475303055905
182,1498953600000,260.0342604244475,293.3501697225356,251.14489472428025,283.14967697215263,315648713.6665242,14.905641231724303,8.889373465625034
183,1499040000000,283.9915590522385,284.58331854158826,271.2545173640152,276.54649572907607,246847204.6472035,4.819732444062806,-2.6215790877759604
184,1499126400000,276.48822362675423,283.840875869059,264.4489817237184,268.38346704001543,254748231.89019325,7.225442893041283,-2.9313207197134847
185,1499212800000,268.4515376983044,273.8426451477681,253.1524403000868,265.9130020668888,267077737.716451,7.780817292445452,-0.9456215647639475
186,1499299200000,265.88228097373343,274.66505691679015,261.29570306194637,266.0401000394007,193431446.14080536,5.025315301288704,0.05935674430402841
187,1499385600000,266.2882005232846,266.324797904555,235.4903665177989,240.27306337775985,278947529.20863086,12.833078728545566,-9.769541832646828
188,1499472000000,240.36417092461903,248.2005937283962,229.90069637081865,245.50213177104146,245530915.01105285,7.454068616660435,2.13757351050201
189,1499558400000,245.49251045295296,251.41990904511619,236.02493477996393,236.88365598180883,155289124.28446424,6.4989600913346655,-3.5067686811545142
190,1499644800000,236.88544867755846,239.4446319332587,189.62662484249103,204.6678311188288,410322595.896726,24.34090732209092,-13.600505112740525
191,1499731200000,204.67760610726603,215.5828800807206,173.01085445273,190.12442957529285,562824127.1486851,22.391665144289767,-7.110292527237323
192,1499817600000,190.20479487109677,226.34330228457512,180.5566436484778,224.0474193514201,428534743.6178992,20.436146405364568,17.7927294121364
193,1499904000000,223.96905318288592,226.24176074166235,191.92347470665302,205.1683555729358,318810065.37158626,16.726890430629506,-8.394328297935903
194,1499990400000,205.249265166287,207.09066455577081,181.8549418226095,197.07361372142014,296253995.22496194,12.8052265631228,-3.983279276660586
195,1500076800000,197.20272816679613,198.49813216884036,168.11337241365376,168.75655226621262,281498276.28328896,18.005084452812703,-14.424838928457135
196,1500163200000,168.88226168427713,172.00677839477507,134.30825502968327,155.90757435067505,539177699.7752997,24.18004610879162,-7.682682126710301
197,1500249600000,156.1705772046412,190.47211480936969,154.35330601046152,190.26605725120618,476979268.71883816,18.983317003947214,21.8322046680325
198,1500336000000,190.31365769346684,260.1018448571503,177.36452200285635,227.00683699212894,784673179.9087957,36.447062101994185,19.280371016652328
199,1500422400000,227.03412655436176,245.10692793261532,187.2041359662929,194.60185806064814,745400518.0939674,29.754490806699728,-14.285195351874968
200,1500508800000,194.68883560449024,236.22635821191037,194.4307377822129,227.81831728988814,643699712.4130687,18.34603157766041,17.01663147891045
201,1500595200000,228.0148980548413,237.916862687586,208.92414641436378,216.7895616978763,389752314.65008086,13.373668015265066,-4.923071453982411
202,1500681600000,216.8899880905275,236.96660197083355,215.3891339878703,231.5910187134375,245865369.52335343,9.317057329266483,6.778104767461164
203,1500768000000,231.79421857605402,235.36204188630842,220.05126985850134,228.70537595710084,223790240.224698,6.694539629308485,-1.33257966394865
204,1500854400000,228.77255010110275,235.7578434029484,223.8827153587339,226.16150560648262,174451769.68897414,5.250729124909983,-1.1413277045109729
205,1500940800000,226.0772634100981,227.02120187375502,190.95304483983944,203.53476930243784,397066154.9029049,17.7208823620307,-9.97114604433653
206,1501027200000,203.52215164540146,209.3135812354508,192.7265876626945,202.89679239028698,249051192.95201737,8.175089106805594,-0.30726839808772183
207,1501113600000,203.03663332291222,205.74844663927087,198.47577795960515,203.0152753091587,185284143.71686932,3.5823258464618686,-0.010519290732892093
208,1501200000000,203.1274325326377,203.9986692693602,188.03915869956688,191.08454902727465,274806618.69492084,8.352067527717958,-5.9287331874428375
209,1501286400000,191.30400278338584,209.82984343379053,177.19404223540766,205.66962212387799,309516868.36374146,15.868070773585522,7.509314562935927
210,1501372800000,205.54326965229677,209.92734991783817,193.21615667082824,195.4086800072253,208326576.81523466,8.551919621171397,-4.930635608850359
211,1501459200000,195.4474001465896,201.63278551785464,189.24927772222958,200.55996149198893,214569272.09487954,6.174466580220053,2.61582468815897
212,1501545600000,200.6813275483312,232.86582296087062,199.67760056815317,225.98396870480784,492580824.2731153,14.686095913321026,12.608368434468748
213,1501632000000,226.1603719132763,229.20609211026226,215.02158515213435,217.82510947643487,224789487.2251858,6.511878723358312,-3.6855539130602715
214,1501718400000,217.8357086821926,228.42152398040665,217.43593853946308,224.7807626449025,178791130.3902818,4.887244491779775,3.188207298392134
215,1501804800000,224.7416288762642,240.84165224278314,213.8945339181999,219.569112274382,137067815.6270129,12.272727272727272,-2.3015391619903323
216,1501891200000,221.03415270939357,263.6,213.72386,250.34,3735109.9876084384,19.923360230087088,13.258515451744026
217,1501977600000,253.81,281.9784595945,237.36507723740002,265.5524700597623,4546119.714932421,16.80021366288169,4.6264804616690824
218,1502064000000,266.57316129946486,286.632,251.07216071014932,269.56470335423364,104548622.52703528,13.191578440120061,1.1222217721341143
219,1502150400000,269.68095382238846,299.5276354727472,266.0441239218236,296.11443869231334,387311978.7254282,11.307625423060053,9.801761857952322
220,1502236800000,296.17107434149773,315.2215587575631,259.37555237486004,295.01485070611676,519376108.13675743,18.929896664197045,-0.3903904653591503
221,1502323200000,294.81345118374435,309.886088561841,288.28342366863245,297.8386646857516,220871929.80668566,7.253143212954383,1.0261450045309424
222,1502409600000,298.2629192272178,310.4783100482608,295.5567489509504,309.25534342250216,248330569.61901033,4.824997017731299,3.68548132760354
223,1502496000000,309.19537933565465,319.299457215771,303.6632701523136,307.9211612059358,303008597.3167335,5.077983923618682,-0.4121077528573291
224,1502582400000,307.9015608338544,309.40796283927835,286.2177652232795,296.45423753861724,361947529.43867487,7.822521886865591,-3.717851661497159
225,1502668800000,296.56997572261605,306.41473519166055,294.03255897476606,299.3038190707026,245717744.1160331,4.13699238965258,0.9218206736623766
226,1502755200000,299.20944585338054,300.116965821068,270.78732114901646,286.5466879972756,341462445.74459547,10.23555528665904,-4.232071557764241
227,1502841600000,286.7908533285878,305.8670601588484,280.0702296563432,301.0958999192445,240913393.75988534,8.567645892695333,4.987971695968582
228,1502928000000,301.34411376514595,311.0473014366699,296.95834723718934,299.8035417849465,241457404.98616233,4.69939551600987,-0.5112334735697203
229,1503014400000,299.9848438584628,306.86405465474866,286.3375165857244,292.2166340982525,256978483.1890871,7.024424921040795,-2.58953407788677
230,1503100800000,292.2340824845577,298.51058975320615,282.91506933704983,292.6363942369749,230214054.77025047,5.329316764177724,0.13766763582016228
231,1503187200000,292.52402410078315,298.5393174174253,287.29911797868283,298.20521120892795,161064856.88342574,3.7692833713986955,1.942126676811837
232,1503273600000,298.35601647280487,346.18567575379865,294.33256373411996,321.6378233352421,590932052.3933207,16.121584048164745,7.803364295339883
233,1503360000000,321.7210301928709,329.8511929457413,292.0795460756873,313.6952294572783,381025032.29716694,12.04087385562172,-2.494645976603135
234,1503446400000,313.6995655855013,326.12813621774194,312.78737537495243,316.9103132494676,231341480.83034843,4.209632910333163,1.0235103953598472
235,1503532800000,316.9467835439864,328.3398220271913,314.07050219233486,324.9173883618327,196097978.68308538,4.391676267865949,2.514808551997862
236,1503619200000,325.0087821940266,337.30979822869324,324.1709086701923,329.67228441050634,218183943.6012751,3.9854395348989784,1.4348849852603933
237,1503705600000,329.6792869353985,334.79482072355904,324.9668073762673,331.7765174856561,130184107.7318209,2.962238985981473,0.6361426493465212
238,1503792000000,332.81976962366906,348.3410540374754,331.8799020821858,347.6081575512151,179091656.84920803,4.735548230873793,4.4433622270298905
239,1503878400000,347.4050597620305,350.22763103850735,335.0644741449692,347.6098413881432,243459400.30881107,4.362119562836794,0.058946068964278536
240,1503964800000,347.60192018911323,375.6960185361902,347.0680062753777,372.48379644502955,401600991.080366,7.6857067432294,7.158152705939975
241,1504051200000,372.2824594592639,390.63050531165095,366.90248896947753,383.3549677428823,450504152.1150821,6.189567982353079,2.974222395463134
242,1504137600000,383.3228935064468,390.4589803219592,380.45324267263084,388.34116414937364,313122292.48046774,2.576532846123851,1.3091497345807337
243,1504224000000,388.36561938241675,395.58308384981063,386.37168763371716,391.01147018496175,362913940.6632572,2.355786701534912,0.6812783291045329
244,1504310400000,391.58575079833577,392.4177457856839,328.4728536848017,350.81852931307174,624792909.2479029,18.227341704581846,-10.410803100508858
245,1504396800000,350.9065854356709,371.28003881307797,336.22181283587577,352.57625463389456,351109360.22168076,9.943445004146888,0.4758158631165887
246,1504483200000,352.5727010833833,352.8114244913029,280.70963659192165,304.4645109113134,827563019.3763208,23.681508128342603,-13.64489934253087
247,1504569600000,303.74579092783216,324.5904659709706,268.4081031021662,318.45868701079013,524990316.996858,17.641962728716784,4.843818917791571
248,1504656000000,318.4459336477931,342.191077288974,318.0286225298694,338.54569639910403,374814523.8915406,7.137132450982341,6.3118289880698075
249,1504742400000,338.4047977716365,338.66109972098735,323.0599956814037,334.86390712227615,258185364.73038146,4.658938663666403,-1.0463476501151179
250,1504828800000,335.05237040857816,335.28015882458294,292.96707955762554,306.7028710791945,457408223.72155297,13.796114499375403,-8.461214375177525
251,1504915200000,306.4087176405976,309.40774597593463,293.43440765128736,303.69238030482444,211054510.74162608,5.259709943533779,-0.8865078502627024
252,1505001600000,303.47312880357595,305.7411766852675,279.5702777702813,298.85227617079397,274429866.0490345,8.757135548811927,-1.5226562730609465
253,1505088000000,298.60279565223834,308.24165087547783,288.0053917216378,297.77049526941954,242108091.861785,6.795924873460171,-0.2787316110021027
254,1505174400000,297.8910170199334,316.43689763761995,285.8699786710267,293.98295846022785,348236709.94447345,10.397513898999895,-1.3119088312233382
255,1505260800000,294.2575727376079,294.5797707644366,256.98805451251565,275.5647258632363,503996262.5476513,13.641701104581092,-6.352545730756848
256,1505347200000,275.441194978206,280.82208344371776,222.05205283386854,223.16493085510913,659455971.6093322,26.33479659400694,-18.979101556407773
257,1505433600000,223.03319056678347,267.6168988704558,200.99782735949353,258.932699785919,851483609.776974,25.72833464681818,16.096038947344937
258,1505520000000,258.8119286259026,272.77201794053553,244.69801553802853,253.90823651829243,388522416.88316786,11.05675136319749,-1.8946932367627443
259,1505606400000,254.36584201627107,266.14986122585657,239.72651636172992,257.9664019932507,203553384.17070517,10.242940421682501,1.4155045144580856
260,1505692800000,257.8898488006329,300.7690260067685,257.8048550977503,297.7431450034906,487298813.1034737,14.429944611659998,15.453611837845994
261,1505779200000,297.8636168908872,299.9404925194109,275.8818317099985,282.75275064930605,320392834.36035925,8.508727414380486,-5.07308223787417
262,1505865600000,282.81705973143977,293.5182655449691,277.4919204800093,283.26987294692225,185993499.14575243,5.657624264181012,0.1601081688326955
263,1505952000000,283.38359369894306,287.05337040314214,251.37233720058998,257.7225367222319,254600812.7853491,13.844747012174743,-9.055237334583522
264,1506038400000,257.77616554362476,270.777730022756,253.75313049582405,262.88713896416175,184795102.73401126,6.476010806010867,1.9827176068658052
265,1506124800000,262.9487288770219,286.6859363301217,259.3916016799706,285.91600639379385,190624491.8271916,9.546277242190643,8.734507907628446
266,1506211200000,286.0120124384898,294.5191451736434,276.1195530170283,282.4172887506121,220323689.62409547,6.51503746035279,-1.2568436050044591
267,1506297600000,282.3619720721024,296.9508613658186,282.24560800279676,294.85058365072337,210950768.68754065,4.987357725715578,4.42290846992383
268,1506384000000,294.8371128074783,295.79963223419287,285.9211915098673,288.3511471548786,157738131.24350792,3.425837150916442,-2.1998470921246893
269,1506470400000,288.56863483674397,312.6147872331158,287.8129696009646,309.4745756927788,253211034.8533415,8.014169686356539,7.244703107758829
270,1506556800000,309.5582213817843,310.47166630424243,298.12469891124266,302.5545638917983,210690300.39678833,4.080906013837353,-2.2624685781962266
271,1506643200000,302.54477505645525,303.4082278309975,279.7833537981511,292.3307050855066,289347443.5693969,8.08155750383324,-3.3760523443323947
272,1506729600000,292.4767540473388,305.95284752774376,292.0401812143187,302.7847952209631,141985233.95524392,4.594902562155417,3.5243967361439936
273,1506816000000,302.9513346924788,304.4444645677392,294.85672307681375,303.4973666755444,127496829.4517481,3.1590855617456746,0.18023752350188532
274,1506902400000,303.5594451232912,303.90356502677156,293.7058103595294,296.93846896922184,168794543.08224028,3.4342989315740002,-2.1811135382001483
275,1506988800000,296.74135187352437,300.04454449964885,286.47338083055433,291.87223465470856,160229222.1727471,4.6496932759464125,-1.640862383376582
276,1507075200000,291.89737041095634,295.76947645798333,288.2693579441868,291.8166091402806,133857212.93723136,2.5701479212895277,-0.027667693806913935
277,1507161600000,291.8407588606023,298.7363486180001,287.0302380154292,296.70537865392095,124333369.69156522,3.9453651483092878,1.6668747067102518
278,1507248000000,296.71001040182375,309.1830083029822,293.5307206448516,308.4918857399697,148385803.5298173,5.073808544618916,3.970838503962224
279,1507334400000,308.32831106171324,314.4186179923895,304.45561738953427,311.194786811847,137606965.13254693,3.201531974531119,0.9296829539471066
280,1507420800000,311.2169816924449,313.712367088494,307.9141479370382,309.303624213297,123234155.7013126,1.8746043361772275,-0.6147985462563104
281,1507507200000,309.5182464107666,310.211945617786,284.9819743983425,297.02126595455434,323314069.33393544,8.494331588804078,-4.037558561128357
282,1507593600000,297.08909080483204,306.9427618902548,291.8876578325509,298.74523575783724,186065738.92573997,5.039445740285413,0.557457343357375
283,1507680000000,299.10897096243946,304.4123333097407,297.2438541782635,302.79070923222446,132735599.08652648,2.3674699760947173,1.2309019879739194
284,1507766400000,302.7629464250375,310.6553420467642,297.9218111807883,302.75446457889853,298609550.47555393,4.2058936715225475,-0.0028014809074654546
285,1507852800000,302.8101213804839,347.963405941195,295.7164985388,337.08215248581337,649448608.7196016,15.499754886783535,11.317993912847554
286,1507939200000,336.7772361431491,347.59917345963015,333.55614553671256,338.22163319147467,237265723.07506382,4.15201942891912,0.4288879690525267
287,1508025600000,338.38488628295534,342.311963197883,318.8087568343476,336.7958695935433,282656452.24716145,6.978472269241272,-0.4695885525109821
288,1508112000000,336.68883090150405,352.8098953337435,331.3421241755977,333.63821099495703,353032575.3020289,6.434446190718333,-0.9060650745018181
289,1508198400000,333.9662150109575,334.2146308768173,310.44614588839096,315.95001679917397,258337078.26697245,7.5228623910896015,-5.394617000762317
290,1508284800000,316.16321425352726,316.37145318764243,287.94669089423536,313.8444082357099,276322319.2765247,9.056959929029201,-0.7334205604191246
291,1508371200000,313.60080616712156,316.6493116073422,304.6890317305758,307.3126054901352,171905835.84081024,3.8918936819044228,-2.0051608775633447
292,1508457600000,307.2783166221668,312.2090496033125,301.16749350871174,302.48667687310854,212075185.96069574,3.650261958225894,-1.5593810203503997
293,1508544000000,302.455918302173,304.02179308827453,287.51256746520437,299.5416215672699,210699047.54456404,5.511496377929097,-0.9635442914334251
294,1508630400000,299.5586683743338,306.511827302257,290.027998957663,293.98557337671923,160074958.9593279,5.607019472166857,-1.8604352288848978
295,1508716800000,294.1387909753315,294.30787092186955,273.71574635226494,284.4685561072338,263069869.91552082,7.238805178116826,-3.2876435087097193
296,1508803200000,284.32104128343553,312.3187581840375,276.9395265965551,296.70652838306745,375348199.92672104,11.923981511389439,4.356162682762899
297,1508889600000,296.6190689587704,300.88989572802564,289.5068803435331,296.19140480949443,154966219.36853117,3.8431281933430506,-0.14417958723194169
298,1508976000000,296.2725207416288,301.5121306432562,292.35294892438765,295.2858643195343,129127619.98346187,3.101801618568934,-0.33302326507523794
299,1509062400000,295.2667185401693,299.2352434552696,292.2184666939838,296.5335074562691,108645651.1465522,2.3662677521596978,0.4290320705167704
300,1509148800000,296.41711001155096,298.9324407240536,291.1988597279717,293.7065131867038,101068521.41265103,2.6330982286272344,-0.9144535633390254
301,1509235200000,293.6899228669457,312.7130769440512,292.58499315124317,303.8194571128385,219599569.1834695,6.62501473213167,3.44905747769967
302,1509321600000,303.5575706937289,310.8421253143849,303.1912794834752,306.5153600958985,138586193.5673761,2.496072571539629,0.9743751063134566
303,1509408000000,306.7644320256723,312.135651147324,302.2421320885791,303.3932626316959,176321430.3348492,3.2609554256170443,-1.098944024154103
304,1509494400000,302.63931642019423,305.143350863533,287.54867227129705,289.17437100322076,290016196.08880496,6.084452965591467,-4.449172558359309
305,1509580800000,289.27344994385084,292.7686497025096,273.8440349357096,284.9277619203466,501247482.5468375,6.6418992095584235,-1.5022768333380592
306,1509667200000,284.6975270889469,308.89000849895433,283.6245558281176,304.33899412702084,331006331.8341613,8.301746788415745,6.899064856273733
307,1509753600000,304.05155528778477,304.8704052991585,293.9023869931324,299.9085318897092,207783492.45357975,3.6571211352065145,-1.3626055601505471
308,1509840000000,299.79421278057623,300.828910923385,293.4000778994234,295.3950848242615,174062888.35972723,2.5148803773702646,-1.467382547352407
309,1509926400000,295.186892061351,306.3617674925795,291.65216950940567,297.5636221485228,295021826.1819226,4.9433455195110545,0.8051611203243612
310,1510012800000,297.4654597090133,303.8298326068225,287.5639142156282,291.9093308347958,310632657.9209474,5.572250241085954,-1.8678232019450673
311,1510099200000,291.68587659891114,320.72423651415,290.4735970753903,307.67657563889827,567836264.0956745,9.831960517612853,5.482164315406839
312,1510185600000,307.90390430829035,329.907409879644,305.56180078105774,319.93098940888325,440623314.69701135,7.609643924637659,3.9061164643598407
313,1510272000000,319.77161862887755,324.2045922635226,288.31185048742043,296.96007551248346,448409795.4264009,12.086723009535786,-7.133698485877463
314,1510358400000,296.7152644104389,321.46538513538644,295.31009752855215,313.6954035365654,429955397.6859194,8.337797529693654,5.722704950776732
315,1510444800000,313.25841159417985,322.18138809935573,293.49162130372986,304.1453130479528,843634958.758591,9.432914322471419,-2.9091313142559367
316,1510531200000,303.5357597996358,319.529171102884,302.1712897217505,314.0786979905746,471344781.3271029,5.526602565594691,3.4733759863741263
317,1510617600000,314.33918775447194,337.5160049537865,313.02643663631926,335.35181314502074,526877922.1351279,7.30264974201194,6.684697997935153
318,1510704000000,335.27843540995656,340.0153134691759,324.6712784736035,331.42735730432474,388789120.24368185,4.629682691366711,-1.1486208771294721
319,1510790400000,331.7163647720641,335.0255612604803,320.8398833204107,329.1777088220326,384989610.63168585,4.3094284819082205,-0.7653092278928926
320,1510876800000,329.85651711759965,335.6917762004038,324.4562942785184,330.95514221107044,315012866.8434445,3.394865493499378,0.3330615090072959
321,1510963200000,331.17780598421217,350.0340384746669,325.92282532413174,346.6043723359513,314017056.1153479,6.9564076725394015,4.658091838580079
322,1511049600000,346.7536852332474,371.42923519891133,343.68459027963956,354.25056859221183,552536132.7334447,7.8319267149037195,2.162019807784191
323,1511136000000,354.30361538472727,373.1951715157683,352.88338626924923,367.1451841119973,369408908.2064227,5.532357804351045,3.6244532004918395
324,1511222400000,367.0840712713332,373.15295263691684,350.56018809633804,360.06377847334323,460306808.86628985,6.274656294607378,-1.912448223012337
325,1511308800000,360.38653139060955,381.7983384860622,359.17495554346556,381.05876232515493,356523565.9729363,5.9369801141830925,5.736127500319794
326,1511395200000,381.07521392159543,425.53679612628616,375.16696439248386,406.20090827017737,896574481.6504068,12.400226269385813,6.593368823444769
327,1511481600000,406.32002965107256,479.36992050595296,398.64264145533105,470.69698206190435,1032386155.3380287,17.15058352339403,15.843903256779027
328,1511568000000,470.3969188122953,482.9738870138998,455.41487181383263,463.3964727358591,714825962.8297985,5.947178457652201,-1.4881998151925906
329,1511654400000,463.4251781009001,473.9412740180212,445.86870106308584,470.1438861308139,618773488.007426,5.971059878278283,1.4497934828329377
330,1511740800000,469.97172499785705,490.28959461906334,461.6707741931335,474.32085642087594,635073429.9182296,6.033641582173158,0.9254027831224784
331,1511827200000,474.2651352135915,478.1817801843207,457.53383458678195,465.8890173844177,583754891.1021212,4.43194512578552,-1.766125571385622
332,1511913600000,465.7870016781736,514.943020534213,411.06096266557563,426.2992110713577,1399737990.92664,24.368343916838423,-8.477649755048171
333,1512000000000,425.9619420086739,459.8921706416787,394.2797100815336,434.0511941850367,845870056.4772407,15.116295367724392,1.8990551452125064
334,1512086400000,432.9612461285602,467.1908099677025,416.6365263095881,461.223184090546,509881913.4601695,10.960915539794229,6.527590682699092
335,1512172800000,461.3609973406768,471.38150399968777,448.4886489323537,456.7891913000032,401126539.36869174,5.01168930950006,-0.9909389972333763
336,1512259200000,456.4533950105583,481.3770108391175,438.47583994480055,461.6965489787345,468661559.525318,9.29207094772825,1.148672356365074
337,1512345600000,461.4659677674905,471.51837172372785,444.6891388060653,466.4041223402445,414988826.3896019,5.752357587030609,1.070101571442878
338,1512432000000,466.614606220111,467.8910701788869,449.24911958438133,453.8075021474756,502890815.96078986,4.107898284248153,-2.7446856360501615
339,1512518400000,454.49969113374334,458.6692987814194,404.0235599244183,419.0947849943792,1008339486.6089652,13.038992803915228,-7.7898636302803785
340,1512604800000,422.1534711274534,437.2148340292762,396.03990707169106,425.8980796768583,1057817533.4170332,9.66778882610266,0.8870254079408888
341,1512691200000,423.0272927639973,466.63706323450987,399.09093805488715,451.6279939179937,1132263335.6246927,14.9561422430089,6.760958841951704
342,1512777600000,450.5677008720335,506.07595161464087,445.6906089736547,471.3769246240211,1037670987.9959548,12.810415505415463,4.61844551034466
343,1512864000000,470.8325773159674,471.46095439034957,425.88230871958876,434.19083909443555,667912818.8378834,10.49737616892639,-7.7823285785389125
344,1512950400000,436.5567862009039,525.8689751628856,433.25445535991526,513.4394258927657,772957457.9542048,18.038061576968442,17.61114295368675
345,1513036800000,513.2770742290053,672.3579925557027,498.18988765117024,651.733204974156,2260018274.7816453,26.72383478012893,26.974929856963907
346,1513123200000,652.3735524158752,761.8626393388262,590.5446304394185,698.7126407160031,2332954987.1585407,24.519093961696502,7.10315250036188
347,1513209600000,698.8561935015933,756.5266424283876,657.7634172933333,692.1360666011125,1779913099.0742152,14.269336608920414,-0.9615893746050834
348,1513296000000,692.3758020067967,698.0085673781914,607.9734763975798,683.0710608556824,1336347454.9797354,13.180925988553039,-1.343885953862805
349,1513382400000,682.7726199817084,721.992010068675,676.0210135187224,691.4142886880456,933962566.0209972,6.6488351921656506,1.265673000561845
350,1513468800000,690.8795173053765,736.0193248215994,687.1335206912718,716.0010676199491,922681814.4381424,6.827616094600023,3.6361695035559554
351,1513555200000,715.012433968889,801.4440044601815,679.8896149893212,786.7703958912907,1445932374.8605657,15.449791973064485,10.035904064505258
352,1513641600000,786.7813854455824,870.9455357499712,769.2647618013142,813.6540675474434,1977329472.7013361,12.496806444432616,3.4155208294159265
353,1513728000000,814.2253411908443,831.899454941175,709.1123445296032,799.0199238793036,1713818232.773743,15.367215102150503,-1.8674704092729473
354,1513814400000,799.6377720283914,845.51282564406,759.5473669657945,790.6209234877085,1499904868.9477968,10.87315755558826,-1.1276166354436201
355,1513900800000,793.1913861713031,796.4390461661324,493.5040922076384,660.9190645003619,2411016396.8391023,45.83540863471765,-16.67596547025219
356,1513987200000,661.6610472891125,751.4921872565624,652.1643799894996,700.564455425762,990731190.4599822,14.178253906230106,5.879658217155213
357,1514073600000,701.7462121567671,704.4354637714639,580.6561730181257,677.9617647463083,973729858.7833083,18.257562179727948,-3.389323233731325
358,1514160000000,678.5493998101399,751.2893327450034,673.1696949864352,724.4810363282933,912116509.7725528,10.782840935972951,6.769092498056173
359,1514246400000,726.0681834277616,769.4907786679456,723.2843431667948,753.8550951843865,840604656.8592877,6.129352417502617,3.827038891229631
360,1514332800000,752.6178028549748,776.081800044752,708.046439636562,740.3610768578407,771177013.3937831,9.189483690436315,-1.6285458503159993
361,1514419200000,740.648363727125,742.9177278697111,669.1309551469041,719.1429785384939,894800115.2033864,10.260375881408605,-2.9035891040669655
362,1514505600000,720.019765109748,760.295375906779,709.991947847367,740.3567698313402,891253313.420368,6.794484782096551,2.824506452054455
363,1514592000000,738.5789804909549,743.4687791400085,664.540614745799,694.7424716809176,1168445712.3939898,11.360780089238554,-5.935249982459282
364,1514678400000,694.0152875018362,751.5935665827656,687.9614216001057,744.0366346429823,771515326.5268403,8.552286543416376,7.207528139790989
365,1514764800000,742.954297403465,771.9964003850893,724.940846189748,759.5510975477966,790147630.9359274,6.195179540554902,2.2338924752619924
