Date,Open,High,Low,Close,Volume,Ex-Dividend,Split Ratio,Adj. Open,Adj. High,Adj. Low,Adj. Close,Adj. Volume
2015-01-02,344.06,352.32,341.12,348.94,1924975.0,0.0,1.0,49.15142857142857,50.33142857142857,48.731428571428566,49.848571428571425,13474825.0
2015-01-05,344.81,344.81,330.0305,331.18,2595003.0,0.0,1.0,49.25857142857143,49.25857142857143,47.147214285714284,47.31142857142857,18165021.0
2015-01-06,331.43,333.48,319.63,325.51,2291136.0,0.0,1.0,47.347142857142856,47.64,45.661428571428566,46.50142857142857,16037952.0
2015-01-07,331.43,331.95,323.9,327.2,1407146.0,0.0,1.0,47.347142857142856,47.421428571428564,46.271428571428565,46.74285714285714,9850022.0
2015-01-08,329.84,334.85,325.35,334.455,1374887.0,0.0,1.0,47.11999999999999,47.83571428571429,46.47857142857143,47.779285714285706,9624209.0
2015-01-09,333.42,336.14,328.29,329.29,1360725.0,0.0,1.0,47.63142857142857,48.019999999999996,46.89857142857143,47.04142857142857,9525075.0
2015-01-12,329.63,330.39,316.85,318.83,1849230.0,0.0,1.0,47.089999999999996,47.19857142857143,45.26428571428571,45.54714285714285,12944610.0
2015-01-13,322.15,329.3376,321.3,323.79,2675608.0,0.0,1.0,46.021428571428565,47.04822857142857,45.9,46.255714285714284,18729256.0
2015-01-14,329.5,331.59,319.76,324.24,2840657.0,0.0,1.0,47.07142857142857,47.36999999999999,45.68,46.32,19884599.0
2015-01-15,325.83,327.5,320.91,323.76,1668384.0,0.0,1.0,46.54714285714285,46.785714285714285,45.84428571428572,46.25142857142857,11678688.0
2015-01-16,328.0,337.75,324.67,337.34,2813782.0,0.0,1.0,46.857142857142854,48.25,46.38142857142857,48.19142857142857,19696474.0
2015-01-20,340.0,350.0,334.0,348.8,5793041.0,0.0,1.0,48.57142857142857,50.0,47.71428571428571,49.82857142857143,40551287.0
2015-01-21,414.64,414.68,401.87,409.28,9557538.0,0.0,1.0,59.23428571428571,59.239999999999995,57.41,58.46857142857142,66902766.0
2015-01-22,410.0,429.62,404.8,428.44,4759914.0,0.0,1.0,58.57142857142857,61.37428571428571,57.82857142857143,61.20571428571428,33319398.0
2015-01-23,426.92,439.2,426.17,437.455,3826336.0,0.0,1.0,60.988571428571426,62.74285714285714,60.88142857142857,62.49357142857142,26784352.0
2015-01-26,438.0,447.29,433.7,446.56,3038435.0,0.0,1.0,62.57142857142857,63.89857142857143,61.957142857142856,63.794285714285714,21269045.0
2015-01-27,441.61,457.38,441.35,454.17,3516079.0,0.0,1.0,63.08714285714286,65.33999999999999,63.05,64.88142857142857,24612553.0
2015-01-28,453.19,453.75,441.57,442.46,3504694.0,0.0,1.0,64.74142857142857,64.82142857142857,63.08142857142857,63.208571428571425,24532858.0
2015-01-29,442.43,447.49,437.5,443.8,2161134.0,0.0,1.0,63.20428571428571,63.927142857142854,62.5,63.4,15127938.0
2015-01-30,441.93,447.89,438.5902,441.8,1887943.0,0.0,1.0,63.13285714285714,63.98428571428571,62.655742857142855,63.114285714285714,13215601.0
2015-02-02,439.9,444.0,433.69,441.065,1855827.0,0.0,1.0,62.842857142857135,63.42857142857142,61.95571428571428,63.00928571428571,12990789.0
2015-02-03,443.24,458.27,439.11,456.92,2348559.0,0.0,1.0,63.32,65.46714285714285,62.73,65.27428571428571,16439913.0
2015-02-04,455.29,456.2199,447.225,448.71,1778706.0,0.0,1.0,65.04142857142857,65.17427142857143,63.88928571428571,64.10142857142857,12450942.0
2015-02-05,451.79,455.97,445.66,448.91,2035532.0,0.0,1.0,64.54142857142857,65.13857142857142,63.66571428571429,64.13,14248724.0
2015-02-06,449.75,451.0,442.23,444.36,1271180.0,0.0,1.0,64.25,64.42857142857143,63.175714285714285,63.48,8898260.0
2015-02-09,442.39,446.5,438.46,443.065,1168476.0,0.0,1.0,63.19857142857143,63.785714285714285,62.63714285714285,63.294999999999995,8179332.0
2015-02-10,444.22,456.104,441.71,453.95,2202697.0,0.0,1.0,63.46,65.15771428571428,63.10142857142856,64.85,15418879.0
2015-02-11,453.81,462.99,451.9,454.89,1993328.0,0.0,1.0,64.83,66.14142857142856,64.55714285714285,64.9842857142857,13953296.0
2015-02-12,455.41,459.25,451.16,456.73,1210277.0,0.0,1.0,65.05857142857143,65.60714285714285,64.45142857142856,65.24714285714286,8471939.0
2015-02-13,458.0,466.41,457.9599,466.1,1852678.0,0.0,1.0,65.42857142857143,66.63,65.42284285714285,66.58571428571429,12968746.0
2015-02-17,465.61,471.6,461.61,469.96,1595772.0,0.0,1.0,66.51571428571428,67.37142857142857,65.94428571428571,67.13714285714285,11170404.0
2015-02-18,469.16,476.49,466.52,475.06,1473833.0,0.0,1.0,67.02285714285715,68.07,66.64571428571428,67.86571428571428,10316831.0
2015-02-19,475.0,481.0,473.02,474.6,1491222.0,0.0,1.0,67.85714285714285,68.71428571428571,67.57428571428571,67.8,10438554.0
2015-02-20,475.65,478.6212,473.46,478.2,1345978.0,0.0,1.0,67.94999999999999,68.37445714285714,67.63714285714285,68.3142857142857,9421846.0
2015-02-23,478.1,478.1999,470.0,471.84,1290243.0,0.0,1.0,68.3,68.31427142857143,67.14285714285714,67.40571428571428,9031701.0
2015-02-24,471.61,476.5847,471.49,474.88,867886.0,0.0,1.0,67.37285714285714,68.08352857142857,67.35571428571428,67.83999999999999,6075202.0
2015-02-25,474.65,481.56,474.65,478.33,979981.0,0.0,1.0,67.80714285714285,68.7942857142857,67.80714285714285,68.33285714285714,6859867.0
2015-02-26,480.38,486.499,479.01,483.03,1550412.0,0.0,1.0,68.62571428571428,69.49985714285714,68.42999999999999,69.0042857142857,10852884.0
2015-02-27,483.57,486.0,474.73,474.91,1645242.0,0.0,1.0,69.08142857142856,69.42857142857143,67.81857142857143,67.84428571428572,11516694.0
2015-03-02,474.0,480.25,470.64,480.25,1455275.0,0.0,1.0,67.71428571428571,68.60714285714285,67.2342857142857,68.60714285714285,10186925.0
2015-03-03,478.41,479.195,472.55,474.71,1060944.0,0.0,1.0,68.34428571428572,68.45642857142856,67.50714285714285,67.81571428571428,7426608.0
2015-03-04,472.71,475.48,463.28,469.77,2493397.0,0.0,1.0,67.52999999999999,67.92571428571428,66.18285714285713,67.11,17453779.0
2015-03-05,472.0,472.2495,464.94,467.65,1606998.0,0.0,1.0,67.42857142857143,67.46421428571428,66.42,66.80714285714285,11248986.0
2015-03-06,466.5,468.4814,453.91,454.12,1841220.0,0.0,1.0,66.64285714285714,66.92591428571428,64.84428571428572,64.8742857142857,12888540.0
2015-03-09,454.93,455.65,439.8,445.63,2710133.0,0.0,1.0,64.99,65.09285714285714,62.82857142857143,63.661428571428566,18970931.0
2015-03-10,441.11,443.46,433.88,435.06,2563862.0,0.0,1.0,63.01571428571428,63.35142857142856,61.98285714285714,62.15142857142857,17947034.0
2015-03-11,435.68,447.584,435.68,440.19,2337631.0,0.0,1.0,62.239999999999995,63.940571428571424,62.239999999999995,62.88428571428571,16363417.0
2015-03-12,443.43,452.08,443.38,448.32,2093521.0,0.0,1.0,63.347142857142856,64.58285714285714,63.339999999999996,64.04571428571428,14654647.0
2015-03-13,447.35,448.4,436.57,438.4,1451571.0,0.0,1.0,63.90714285714286,64.05714285714285,62.36714285714285,62.62857142857142,10160997.0
2015-03-16,430.83,430.83,417.34,421.97,3828017.0,0.0,1.0,61.54714285714285,61.54714285714285,59.61999999999999,60.28142857142857,26796119.0
2015-03-17,417.99,424.86,415.69,418.52,2632590.0,0.0,1.0,59.71285714285714,60.69428571428571,59.38428571428571,59.78857142857142,18428130.0
2015-03-18,418.17,424.55,415.1,423.12,2090705.0,0.0,1.0,59.738571428571426,60.65,59.3,60.44571428571428,14634935.0
2015-03-19,423.22,428.4839,421.79,425.21,1635689.0,0.0,1.0,60.46,61.21198571428571,60.255714285714284,60.74428571428571,11449823.0
2015-03-20,429.36,432.5,426.27,428.295,1948834.0,0.0,1.0,61.33714285714286,61.785714285714285,60.89571428571428,61.185,13641838.0
2015-03-23,426.23,428.09,422.311,425.0,1094872.0,0.0,1.0,60.89,61.15571428571428,60.33014285714285,60.71428571428571,7664104.0
2015-03-24,427.95,441.69,427.832,438.28,2412678.0,0.0,1.0,61.13571428571428,63.098571428571425,61.11885714285714,62.61142857142856,16888746.0
2015-03-25,438.79,438.84,421.71,421.75,3093198.0,0.0,1.0,62.684285714285714,62.69142857142857,60.24428571428571,60.25,21652386.0
2015-03-26,417.4,423.13,415.73,418.26,2291255.0,0.0,1.0,59.62857142857142,60.44714285714285,59.39,59.75142857142857,16038785.0
2015-03-27,415.31,418.93,410.01,414.77,2264562.0,0.0,1.0,59.33,59.847142857142856,58.57285714285714,59.25285714285714,15851934.0
2015-03-30,418.01,423.95,415.55,422.57,1896054.0,0.0,1.0,59.715714285714284,60.56428571428571,59.364285714285714,60.36714285714285,13272378.0
2015-03-31,420.77,422.9399,416.19,416.69,2035515.0,0.0,1.0,60.10999999999999,60.419985714285716,59.45571428571428,59.527142857142856,14248605.0
2015-04-01,417.5,418.5,410.92,413.12,2091392.0,0.0,1.0,59.64285714285714,59.785714285714285,58.70285714285714,59.01714285714286,14639744.0
2015-04-02,413.5,417.25,412.03,414.08,1409173.0,0.0,1.0,59.07142857142857,59.607142857142854,58.86142857142856,59.154285714285706,9864211.0
2015-04-06,411.38,423.13,409.25,422.31,1532904.0,0.0,1.0,58.76857142857143,60.44714285714285,58.46428571428571,60.33,10730328.0
2015-04-07,423.48,425.94,420.3,423.46,1425388.0,0.0,1.0,60.497142857142855,60.848571428571425,60.042857142857144,60.49428571428571,9977716.0
2015-04-08,428.41,441.75,428.292,441.35,3189671.0,0.0,1.0,61.20142857142857,63.107142857142854,61.184571428571424,63.05,22327697.0
2015-04-09,441.0,441.95,434.8,439.5,1922220.0,0.0,1.0,63.0,63.13571428571428,62.114285714285714,62.785714285714285,13455540.0
2015-04-10,450.78,454.97,447.63,454.57,3195299.0,0.0,1.0,64.39714285714285,64.99571428571429,63.94714285714285,64.93857142857142,22367093.0
2015-04-13,470.68,485.0,469.4,474.68,6348135.0,0.0,1.0,67.24,69.28571428571428,67.05714285714285,67.81142857142856,44436945.0
2015-04-14,482.0,484.0,471.95,478.71,4091734.0,0.0,1.0,68.85714285714285,69.14285714285714,67.42142857142856,68.38714285714285,28642138.0
2015-04-15,480.93,480.93,471.548,475.46,6075517.0,0.0,1.0,68.70428571428572,68.70428571428572,67.36399999999999,67.92285714285714,42528619.0
2015-04-16,532.0,568.75,530.0,562.05,14928678.0,0.0,1.0,76.0,81.25,75.71428571428571,80.29285714285713,104500746.0
2015-04-17,558.45,575.0,558.0,571.55,8329481.0,0.0,1.0,79.77857142857142,82.14285714285714,79.71428571428571,81.64999999999999,58306367.0
2015-04-20,572.5,576.13,562.67,567.39,4395200.0,0.0,1.0,81.78571428571428,82.30428571428571,80.38142857142856,81.05571428571427,30766400.0
2015-04-21,568.64,570.39,558.6,560.44,2275082.0,0.0,1.0,81.2342857142857,81.4842857142857,79.8,80.06285714285714,15925574.0
2015-04-22,561.48,564.99,556.81,557.68,1727073.0,0.0,1.0,80.21142857142857,80.71285714285715,79.5442857142857,79.66857142857141,12089511.0
2015-04-23,557.59,562.4,552.69,559.06,1812469.0,0.0,1.0,79.65571428571428,80.34285714285714,78.9557142857143,79.86571428571428,12687283.0
2015-04-24,561.21,565.66,556.55,558.395,1577891.0,0.0,1.0,80.17285714285714,80.80857142857143,79.50714285714285,79.77071428571428,11045237.0
2015-04-27,562.05,572.5,561.61,566.08,2178143.0,0.0,1.0,80.29285714285713,81.78571428571428,80.23,80.86857142857143,15247001.0
2015-04-28,564.13,568.95,559.61,563.06,1260925.0,0.0,1.0,80.58999999999999,81.27857142857142,79.94428571428571,80.43714285714285,8826475.0
2015-04-29,560.49,567.3899,557.51,562.85,1362924.0,0.0,1.0,80.07,81.0557,79.64428571428572,80.40714285714286,9540468.0
2015-04-30,561.66,565.85,553.87,556.5,1509322.0,0.0,1.0,80.23714285714284,80.83571428571429,79.1242857142857,79.5,10565254.0
2015-05-01,558.99,559.77,552.26,557.03,1272298.0,0.0,1.0,79.85571428571428,79.96714285714285,78.89428571428572,79.57571428571428,8906086.0
2015-05-04,557.0,558.0,552.3,554.9,1138155.0,0.0,1.0,79.57142857142857,79.71428571428571,78.89999999999999,79.27142857142856,7967085.0
2015-05-05,568.67,577.1,565.3,565.55,3873755.0,0.0,1.0,81.23857142857142,82.44285714285714,80.75714285714285,80.79285714285713,27116285.0
2015-05-06,567.2,568.5,556.65,560.54,1643501.0,0.0,1.0,81.02857142857142,81.21428571428571,79.52142857142856,80.07714285714285,11504507.0
2015-05-07,560.8,565.56,556.2,565.24,1460085.0,0.0,1.0,80.1142857142857,80.7942857142857,79.45714285714286,80.74857142857142,10220595.0
2015-05-08,567.29,575.07,566.75,574.6,1975464.0,0.0,1.0,81.04142857142857,82.15285714285714,80.96428571428571,82.08571428571429,13828248.0
2015-05-11,576.27,594.0,575.3,589.945,3411769.0,0.0,1.0,82.32428571428571,84.85714285714285,82.18571428571427,84.27785714285714,23882383.0
2015-05-12,586.66,586.66,580.95,583.64,1700996.0,0.0,1.0,83.80857142857143,83.80857142857143,82.99285714285715,83.37714285714286,11906972.0
2015-05-13,583.83,589.38,578.84,580.11,1593675.0,0.0,1.0,83.40428571428572,84.19714285714285,82.69142857142857,82.87285714285714,11155725.0
2015-05-14,583.0,587.47,576.31,586.85,1271237.0,0.0,1.0,83.28571428571428,83.92428571428572,82.32999999999998,83.83571428571429,8898659.0
2015-05-15,604.55,618.4388,600.29,613.25,5293287.0,0.0,1.0,86.3642857142857,88.3484,85.75571428571428,87.60714285714285,37053009.0
2015-05-18,612.81,619.739,609.17,617.87,2115992.0,0.0,1.0,87.5442857142857,88.53414285714285,87.02428571428571,88.26714285714286,14811944.0
2015-05-19,622.22,628.5,614.67,616.48,2728758.0,0.0,1.0,88.88857142857142,89.78571428571428,87.80999999999999,88.06857142857143,19101306.0
2015-05-20,617.5,623.76,611.54,621.53,1822447.0,0.0,1.0,88.21428571428571,89.10857142857142,87.36285714285714,88.78999999999999,12757129.0
2015-05-21,623.57,627.0,617.27,623.02,1823860.0,0.0,1.0,89.08142857142857,89.57142857142857,88.18142857142857,89.00285714285714,12767020.0
2015-05-22,624.25,625.85,620.85,621.87,1066577.0,0.0,1.0,89.17857142857143,89.40714285714286,88.69285714285714,88.83857142857143,7466039.0
2015-05-26,622.12,623.429,614.504,615.95,1377960.0,0.0,1.0,88.8742857142857,89.0612857142857,87.78628571428571,87.99285714285715,9645720.0
2015-05-27,617.0,629.35,615.5,629.0,1500916.0,0.0,1.0,88.14285714285714,89.90714285714286,87.92857142857143,89.85714285714285,10506412.0
2015-05-28,628.0,628.99,622.51,626.55,1117363.0,0.0,1.0,89.71428571428571,89.85571428571428,88.92999999999999,89.50714285714285,7821541.0
2015-05-29,626.31,631.44,622.69,624.06,1816002.0,0.0,1.0,89.47285714285714,90.2057142857143,88.9557142857143,89.15142857142855,12712014.0
2015-06-01,621.86,623.852,615.61,623.02,1417976.0,0.0,1.0,88.83714285714285,89.12171428571428,87.94428571428571,89.00285714285714,9925832.0
2015-06-02,620.98,627.75,618.84,623.91,1075561.0,0.0,1.0,88.71142857142857,89.67857142857143,88.40571428571428,89.13,7528927.0
2015-06-03,624.7,628.13,620.51,621.66,891142.0,0.0,1.0,89.24285714285715,89.73285714285714,88.64428571428572,88.80857142857143,6237994.0
2015-06-04,618.65,626.0,616.3,625.44,1439197.0,0.0,1.0,88.37857142857142,89.42857142857143,88.04285714285713,89.34857142857143,10074379.0
2015-06-05,624.5,633.78,623.88,633.22,1660621.0,0.0,1.0,89.21428571428571,90.53999999999999,89.12571428571428,90.46,11624347.0
2015-06-08,635.0,635.71,622.97,627.23,1592702.0,0.0,1.0,90.71428571428571,90.8157142857143,88.99571428571429,89.60428571428571,11148914.0
2015-06-09,625.34,649.0,625.34,647.15,3146440.0,0.0,1.0,89.33428571428571,92.71428571428571,89.33428571428571,92.44999999999999,22025080.0
2015-06-10,653.77,692.79,652.58,671.1,8160197.0,0.0,1.0,93.39571428571428,98.96999999999998,93.22571428571429,95.87142857142857,57121379.0
2015-06-11,678.23,678.43,658.61,665.66,3803341.0,0.0,1.0,96.89,96.91857142857141,94.08714285714285,95.0942857142857,26623387.0
2015-06-12,664.41,667.4,658.87,660.93,1468403.0,0.0,1.0,94.91571428571427,95.34285714285713,94.1242857142857,94.41857142857141,10278821.0
2015-06-15,650.0,655.14,641.61,654.02,2721993.0,0.0,1.0,92.85714285714285,93.59142857142857,91.65857142857142,93.43142857142857,19053951.0
2015-06-16,659.7,669.25,655.84,666.91,2291860.0,0.0,1.0,94.24285714285715,95.60714285714285,93.69142857142857,95.27285714285713,16043020.0
2015-06-17,665.93,665.93,657.702,659.9,1415017.0,0.0,1.0,95.13285714285713,95.13285714285713,93.95742857142857,94.27142857142856,9905119.0
2015-06-18,662.56,667.39,660.58,663.2,1280446.0,0.0,1.0,94.65142857142855,95.34142857142857,94.36857142857143,94.74285714285715,8963122.0
2015-06-19,673.7,674.9255,656.75,657.1,2830686.0,0.0,1.0,96.24285714285715,96.41792857142858,93.82142857142857,93.87142857142857,19814802.0
2015-06-22,665.3,676.85,659.32,674.9,2390415.0,0.0,1.0,95.04285714285713,96.69285714285714,94.18857142857144,96.41428571428571,16732905.0
2015-06-23,674.35,681.73,670.25,681.19,2232348.0,0.0,1.0,96.33571428571429,97.39,95.75,97.31285714285714,15626436.0
2015-06-24,700.1,706.24,674.78,678.61,11019828.0,0.0,1.0,100.0142857142857,100.89142857142856,96.39714285714285,96.94428571428571,77138796.0
2015-06-25,668.37,672.0,654.21,664.24,5946172.0,0.0,1.0,95.48142857142857,96.0,93.45857142857143,94.89142857142856,41623204.0
2015-06-26,667.1,667.2,651.62,651.62,4330671.0,0.0,1.0,95.3,95.31428571428572,93.08857142857143,93.08857142857143,30314697.0
2015-06-29,640.54,650.39,637.82,645.62,3510841.0,0.0,1.0,91.50571428571428,92.91285714285713,91.11714285714287,92.23142857142857,24575887.0
2015-06-30,653.5,660.49,649.5,656.94,2411494.0,0.0,1.0,93.35714285714285,94.35571428571428,92.78571428571428,93.84857142857143,16880458.0
2015-07-01,663.64,666.6699,652.53,655.45,2099917.0,0.0,1.0,94.80571428571427,95.23855714285713,93.21857142857142,93.63571428571429,14699419.0
2015-07-02,657.99,659.39,652.5,658.31,1579033.0,0.0,1.0,93.99857142857142,94.19857142857143,93.21428571428571,94.0442857142857,11053231.0
2015-07-06,654.31,664.5,653.38,662.0,1686912.0,0.0,1.0,93.47285714285712,94.92857142857142,93.33999999999999,94.57142857142857,11808384.0
2015-07-07,665.09,667.99,648.36,658.64,3081896.0,0.0,1.0,95.01285714285714,95.42714285714285,92.62285714285714,94.09142857142857,21573272.0
2015-07-08,654.3,657.97,645.99,654.55,1855813.0,0.0,1.0,93.47142857142856,93.99571428571429,92.28428571428572,93.50714285714284,12990691.0
2015-07-09,664.3,670.92,660.0,670.09,2390188.0,0.0,1.0,94.89999999999999,95.84571428571428,94.28571428571428,95.72714285714285,16731316.0
2015-07-10,682.66,689.5199,678.3,680.6,3090942.0,0.0,1.0,97.52285714285713,98.50284285714285,96.89999999999999,97.22857142857143,21636594.0
2015-07-13,686.69,716.16,686.5519,707.61,4743573.0,0.0,1.0,98.09857142857143,102.30857142857141,98.07884285714286,101.08714285714285,33205011.0
2015-07-14,708.9,711.45,697.57,702.6,2819491.0,0.0,1.0,101.27142857142856,101.63571428571429,99.65285714285714,100.37142857142857,19736437.0
2015-07-15,99.97,100.75,97.05,98.13,30898594.0,0.0,7.0,99.97,100.75,97.05,98.13,30898594.0
2015-07-16,111.02,116.49,107.68,115.81,63460992.0,0.0,1.0,111.02,116.49,107.68,115.81,63460992.0
2015-07-17,117.34,117.88,114.24,114.77,25136948.0,0.0,1.0,117.34,117.88,114.24,114.77,25136948.0
2015-07-20,114.7,114.7,110.14,110.55,22676913.0,0.0,1.0,114.7,114.7,110.14,110.55,22676913.0
2015-07-21,110.21,113.71,109.32,112.51,14085422.0,0.0,1.0,110.21,113.71,109.32,112.51,14085422.0
2015-07-22,112.14,113.88,110.5608,111.5,10500548.0,0.0,1.0,112.14,113.88,110.5608,111.5,10500548.0
2015-07-23,110.91,112.18,109.84,110.1,8306774.0,0.0,1.0,110.91,112.18,109.84,110.1,8306774.0
2015-07-24,111.55,111.68,108.9,109.34,8125065.0,0.0,1.0,111.55,111.68,108.9,109.34,8125065.0
2015-07-27,107.79,109.86,106.25,106.43,11302624.0,0.0,1.0,107.79,109.86,106.25,106.43,11302624.0
2015-07-28,107.29,107.94,103.88,106.9,11155945.0,0.0,1.0,107.29,107.94,103.88,106.9,11155945.0
2015-07-29,106.83,107.75,105.4,107.08,6695640.0,0.0,1.0,106.83,107.75,105.4,107.08,6695640.0
2015-07-30,106.4,111.9,105.4,111.56,14229196.0,0.0,1.0,106.4,111.9,105.4,111.56,14229196.0
2015-07-31,111.95,115.0,111.15,114.31,16349071.0,0.0,1.0,111.95,115.0,111.15,114.31,16349071.0
2015-08-03,114.6,114.6,111.78,112.56,10144817.0,0.0,1.0,114.6,114.6,111.78,112.56,10144817.0
2015-08-04,113.15,122.79,113.0,121.15,29653323.0,0.0,1.0,113.15,122.79,113.0,121.15,29653323.0
2015-08-05,125.62,129.29,122.705,123.71,26831246.0,0.0,1.0,125.62,129.29,122.705,123.71,26831246.0
2015-08-06,126.29,128.85,122.04,126.45,24716746.0,0.0,1.0,126.29,128.85,122.04,126.45,24716746.0
2015-08-07,126.42,126.6,121.3,123.52,17360669.0,0.0,1.0,126.42,126.6,121.3,123.52,17360669.0
2015-08-10,126.09,126.5,121.51,123.03,13424574.0,0.0,1.0,126.09,126.5,121.51,123.03,13424574.0
2015-08-11,120.01,123.76,120.0,122.74,11596811.0,0.0,1.0,120.01,123.76,120.0,122.74,11596811.0
2015-08-12,121.47,122.45,118.66,120.51,13881612.0,0.0,1.0,121.47,122.45,118.66,120.51,13881612.0
2015-08-13,120.99,125.73,119.34,123.73,15284397.0,0.0,1.0,120.99,125.73,119.34,123.73,15284397.0
2015-08-14,124.96,125.0,123.0,123.39,8667683.0,0.0,1.0,124.96,125.0,123.0,123.39,8667683.0
2015-08-17,123.14,125.7,122.59,125.36,9233848.0,0.0,1.0,123.14,125.7,122.59,125.36,9233848.0
2015-08-18,125.26,126.749,123.55,124.05,9381994.0,0.0,1.0,125.26,126.749,123.55,124.05,9381994.0
2015-08-19,123.5,123.7,121.5,122.06,10115271.0,0.0,1.0,123.5,123.7,121.5,122.06,10115271.0
2015-08-20,119.8,121.45,111.34,112.49,28045318.0,0.0,1.0,119.8,121.45,111.34,112.49,28045318.0
2015-08-21,106.2,110.0,102.751,103.96,33228296.0,0.0,1.0,106.2,110.0,102.751,103.96,33228296.0
2015-08-24,88.75,109.63,85.5,96.88,59951948.0,0.0,1.0,88.75,109.63,85.5,96.88,59951948.0
2015-08-25,107.75,107.88,101.5,101.52,37620719.0,0.0,1.0,107.75,107.88,101.5,101.52,37620719.0
2015-08-26,107.15,110.28,102.02,110.13,36164638.0,0.0,1.0,107.15,110.28,102.02,110.13,36164638.0
2015-08-27,114.94,118.25,113.02,117.66,37056071.0,0.0,1.0,114.94,118.25,113.02,117.66,37056071.0
2015-08-28,116.46,119.35,115.88,117.63,20240237.0,0.0,1.0,116.46,119.35,115.88,117.63,20240237.0
2015-08-31,115.24,117.0,113.76,115.03,17005581.0,0.0,1.0,115.24,117.0,113.76,115.03,17005581.0
2015-09-01,109.36,111.24,103.82,105.79,35977081.0,0.0,1.0,109.36,111.24,103.82,105.79,35977081.0
2015-09-02,109.31,109.5,100.3,105.44,39843254.0,0.0,1.0,109.31,109.5,100.3,105.44,39843254.0
2015-09-03,102.69,104.17,100.11,101.06,29546652.0,0.0,1.0,102.69,104.17,100.11,101.06,29546652.0
2015-09-04,98.05,99.928,97.34,98.79,24211978.0,0.0,1.0,98.05,99.928,97.34,98.79,24211978.0
2015-09-08,102.08,102.5,93.55,94.95,43479650.0,0.0,1.0,102.08,102.5,93.55,94.95,43479650.0
2015-09-09,96.51,102.79,95.52,99.18,35524441.0,0.0,1.0,96.51,102.79,95.52,99.18,35524441.0
2015-09-10,99.42,100.85,96.78,99.48,21031866.0,0.0,1.0,99.42,100.85,96.78,99.48,21031866.0
2015-09-11,98.57,100.85,97.23,97.51,17373920.0,0.0,1.0,98.57,100.85,97.23,97.51,17373920.0
2015-09-14,96.84,97.91,94.33,95.69,15545991.0,0.0,1.0,96.84,97.91,94.33,95.69,15545991.0
2015-09-15,95.22,99.65,93.61,99.16,22591084.0,0.0,1.0,95.22,99.65,93.61,99.16,22591084.0
2015-09-16,99.7,104.48,99.33,104.08,28058216.0,0.0,1.0,99.7,104.48,99.33,104.08,28058216.0
2015-09-17,103.67,107.5,101.83,104.21,25817651.0,0.0,1.0,103.67,107.5,101.83,104.21,25817651.0
2015-09-18,102.0,104.36,100.71,102.62,21715034.0,0.0,1.0,102.0,104.36,100.71,102.62,21715034.0
2015-09-21,103.3,103.77,99.5568,100.3,17900624.0,0.0,1.0,103.3,103.77,99.5568,100.3,17900624.0
2015-09-22,98.29,99.9,97.0,98.47,16717919.0,0.0,1.0,98.29,99.9,97.0,98.47,16717919.0
2015-09-23,98.6,99.74,97.66,98.07,10264540.0,0.0,1.0,98.6,99.74,97.66,98.07,10264540.0
2015-09-24,97.11,104.0,96.78,103.76,21274471.0,0.0,1.0,97.11,104.0,96.78,103.76,21274471.0
2015-09-25,105.3,105.4487,101.57,102.24,19066632.0,0.0,1.0,105.3,105.4487,101.57,102.24,19066632.0
2015-09-28,101.57,103.3275,97.8414,99.47,16895926.0,0.0,1.0,101.57,103.3275,97.8414,99.47,16895926.0
2015-09-29,99.63,100.63,96.85,98.35,17405941.0,0.0,1.0,99.63,100.63,96.85,98.35,17405941.0
2015-09-30,99.91,103.46,99.05,103.24,16302867.0,0.0,1.0,99.91,103.46,99.05,103.24,16302867.0
2015-10-01,102.91,106.11,101.12,105.98,17426948.0,0.0,1.0,102.91,106.11,101.12,105.98,17426948.0
2015-10-02,103.01,106.87,101.45,106.11,21526717.0,0.0,1.0,103.01,106.87,101.45,106.11,21526717.0
2015-10-05,107.48,112.28,105.76,111.25,21157937.0,0.0,1.0,107.48,112.28,105.76,111.25,21157937.0
2015-10-06,110.33,112.25,105.64,108.33,20836303.0,0.0,1.0,110.33,112.25,105.64,108.33,20836303.0
2015-10-07,108.84,109.78,106.75,108.1,12329535.0,0.0,1.0,108.84,109.78,106.75,108.1,12329535.0
2015-10-08,107.94,115.05,102.6,114.93,42831944.0,0.0,1.0,107.94,115.05,102.6,114.93,42831944.0
2015-10-09,114.11,115.83,112.44,113.33,22455205.0,0.0,1.0,114.11,115.83,112.44,113.33,22455205.0
2015-10-12,114.45,115.42,112.36,113.45,12624497.0,0.0,1.0,114.45,115.42,112.36,113.45,12624497.0
2015-10-13,112.85,113.72,108.78,109.73,17512118.0,0.0,1.0,112.85,113.72,108.78,109.73,17512118.0
2015-10-14,111.5,111.63,108.05,110.23,33231481.0,0.0,1.0,111.5,111.63,108.05,110.23,33231481.0
2015-10-15,103.77,104.88,99.1,101.09,48484328.0,0.0,1.0,103.77,104.88,99.1,101.09,48484328.0
2015-10-16,100.21,101.65,98.41,98.99,21340511.0,0.0,1.0,100.21,101.65,98.41,98.99,21340511.0
2015-10-19,98.07,103.62,96.26,101.69,29964714.0,0.0,1.0,98.07,103.62,96.26,101.69,29964714.0
2015-10-20,101.06,102.11,97.58,98.99,17345614.0,0.0,1.0,101.06,102.11,97.58,98.99,17345614.0
2015-10-21,99.67,100.34,97.01,97.96,13759583.0,0.0,1.0,99.67,100.34,97.01,97.96,13759583.0
2015-10-22,98.07,99.93,96.86,97.32,12786768.0,0.0,1.0,98.07,99.93,96.86,97.32,12786768.0
2015-10-23,97.61,101.56,97.27,100.04,18019886.0,0.0,1.0,97.61,101.56,97.27,100.04,18019886.0
2015-10-26,100.05,103.31,99.38,103.04,12234824.0,0.0,1.0,100.05,103.31,99.38,103.04,12234824.0
2015-10-27,102.58,104.72,101.23,103.07,12066402.0,0.0,1.0,102.58,104.72,101.23,103.07,12066402.0
2015-10-28,102.9,106.21,102.06,105.8,13093962.0,0.0,1.0,102.9,106.21,102.06,105.8,13093962.0
2015-10-29,105.0,106.91,104.75,105.12,9841406.0,0.0,1.0,105.0,106.91,104.75,105.12,9841406.0
2015-10-30,105.12,110.1,104.9,108.38,15571468.0,0.0,1.0,105.12,110.1,104.9,108.38,15571468.0
2015-11-02,109.2,109.37,106.3,107.64,11784573.0,0.0,1.0,109.2,109.37,106.3,107.64,11784573.0
2015-11-03,107.36,111.05,107.24,109.74,12484136.0,0.0,1.0,107.36,111.05,107.24,109.74,12484136.0
2015-11-04,110.36,114.28,109.39,114.05,17505023.0,0.0,1.0,110.36,114.28,109.39,114.05,17505023.0
2015-11-05,113.75,115.68,111.72,113.5,13814939.0,0.0,1.0,113.75,115.68,111.72,113.5,13814939.0
2015-11-06,113.39,114.8,112.05,114.06,10936608.0,0.0,1.0,113.39,114.8,112.05,114.06,10936608.0
2015-11-09,113.36,114.0,108.64,109.86,16154632.0,0.0,1.0,113.36,114.0,108.64,109.86,16154632.0
2015-11-10,108.86,112.84,108.01,112.7,11166372.0,0.0,1.0,108.86,112.84,108.01,112.7,11166372.0
2015-11-11,113.08,114.61,111.41,112.86,11039154.0,0.0,1.0,113.08,114.61,111.41,112.86,11039154.0
2015-11-12,112.52,115.25,108.2,108.92,17568163.0,0.0,1.0,112.52,115.25,108.2,108.92,17568163.0
2015-11-13,108.34,109.07,103.27,103.65,18819418.0,0.0,1.0,108.34,109.07,103.27,103.65,18819418.0
2015-11-16,102.97,111.65,101.86,111.35,19866161.0,0.0,1.0,102.97,111.65,101.86,111.35,19866161.0
2015-11-17,112.11,118.79,111.7,117.1,32971616.0,0.0,1.0,112.11,118.79,111.7,117.1,32971616.0
2015-11-18,117.94,121.0,116.1,120.63,23353565.0,0.0,1.0,117.94,121.0,116.1,120.63,23353565.0
2015-11-19,120.25,123.13,119.61,120.22,19253236.0,0.0,1.0,120.25,123.13,119.61,120.22,19253236.0
2015-11-20,120.85,124.07,119.21,123.84,17977001.0,0.0,1.0,120.85,124.07,119.21,123.84,17977001.0
2015-11-23,124.3,126.2,121.66,125.03,15726984.0,0.0,1.0,124.3,126.2,121.66,125.03,15726984.0
2015-11-24,123.67,124.66,120.03,123.31,18335255.0,0.0,1.0,123.67,124.66,120.03,123.31,18335255.0
2015-11-25,124.23,125.2,122.36,124.16,10980677.0,0.0,1.0,124.23,125.2,122.36,124.16,10980677.0
2015-11-27,123.85,126.39,123.59,125.44,6645484.0,0.0,1.0,123.85,126.39,123.59,125.44,6645484.0
2015-11-30,126.03,126.6,122.89,123.33,13894031.0,0.0,1.0,126.03,126.6,122.89,123.33,13894031.0
2015-12-01,124.47,125.57,122.42,125.37,12550755.0,0.0,1.0,124.47,125.57,122.42,125.37,12550755.0
2015-12-02,125.53,131.35,124.93,128.93,24105712.0,0.0,1.0,125.53,131.35,124.93,128.93,24105712.0
2015-12-03,129.62,132.2,126.39,126.81,26647260.0,0.0,1.0,129.62,132.2,126.39,126.81,26647260.0
2015-12-04,127.0,130.99,125.75,130.93,20250411.0,0.0,1.0,127.0,130.99,125.75,130.93,20250411.0
2015-12-07,131.19,133.27,122.75,125.36,23351610.0,0.0,1.0,131.19,133.27,122.75,125.36,23351610.0
2015-12-08,121.51,128.24,121.1,126.98,18591147.0,0.0,1.0,121.51,128.24,121.1,126.98,18591147.0
2015-12-09,127.7,128.78,122.33,124.2,17788797.0,0.0,1.0,127.7,128.78,122.33,124.2,17788797.0
2015-12-10,124.5,125.21,121.62,122.91,13474119.0,0.0,1.0,124.5,125.21,121.62,122.91,13474119.0
2015-12-11,121.45,123.0,118.6,118.91,16105315.0,0.0,1.0,121.45,123.0,118.6,118.91,16105315.0
2015-12-14,119.77,120.9,114.66,120.67,18735608.0,0.0,1.0,119.77,120.9,114.66,120.67,18735608.0
2015-12-15,121.93,123.3,118.54,118.6,11759993.0,0.0,1.0,121.93,123.3,118.54,118.6,11759993.0
2015-12-16,119.8,123.0,118.09,122.64,13180982.0,0.0,1.0,119.8,123.0,118.09,122.64,13180982.0
2015-12-17,123.97,126.35,122.42,122.51,17284872.0,0.0,1.0,123.97,126.35,122.42,122.51,17284872.0
2015-12-18,120.85,122.19,117.92,118.02,17948060.0,0.0,1.0,120.85,122.19,117.92,118.02,17948060.0
2015-12-21,119.51,119.59,115.66,116.63,11669993.0,0.0,1.0,119.51,119.59,115.66,116.63,11669993.0
2015-12-22,117.3,117.43,114.86,116.24,9689044.0,0.0,1.0,117.3,117.43,114.86,116.24,9689044.0
2015-12-23,116.91,118.56,115.78,118.16,9324333.0,0.0,1.0,116.91,118.56,115.78,118.16,9324333.0
2015-12-24,118.22,118.8,117.3,117.33,3541403.0,0.0,1.0,118.22,118.8,117.3,117.33,3541403.0
2015-12-28,117.26,117.35,113.85,117.11,8424276.0,0.0,1.0,117.26,117.35,113.85,117.11,8424276.0
2015-12-29,118.19,119.6,116.92,119.12,8159211.0,0.0,1.0,118.19,119.6,116.92,119.12,8159211.0
2015-12-30,118.95,119.02,116.43,116.71,8149686.0,0.0,1.0,118.95,119.02,116.43,116.71,8149686.0
2015-12-31,116.21,117.46,114.28,114.38,9273008.0,0.0,1.0,116.21,117.46,114.28,114.38,9273008.0
2016-01-04,109.0,110.0,105.21,109.96,20794848.0,0.0,1.0,109.0,110.0,105.21,109.96,20794848.0
2016-01-05,110.45,110.58,105.85,107.66,17664562.0,0.0,1.0,110.45,110.58,105.85,107.66,17664562.0
2016-01-06,105.29,117.91,104.96,117.68,33045656.0,0.0,1.0,105.29,117.91,104.96,117.68,33045656.0
2016-01-07,116.36,122.18,112.29,114.56,33636661.0,0.0,1.0,116.36,122.18,112.29,114.56,33636661.0
2016-01-08,116.33,117.72,111.1,111.39,18067140.0,0.0,1.0,116.33,117.72,111.1,111.39,18067140.0
2016-01-11,112.13,116.79,111.2,114.97,21920390.0,0.0,1.0,112.13,116.79,111.2,114.97,21920390.0
2016-01-12,116.11,117.78,115.08,116.58,15133522.0,0.0,1.0,116.11,117.78,115.08,116.58,15133522.0
2016-01-13,114.43,114.48,104.53,106.56,24921587.0,0.0,1.0,114.43,114.48,104.53,106.56,24921587.0
2016-01-14,105.65,109.25,101.21,107.06,23664784.0,0.0,1.0,105.65,109.25,101.21,107.06,23664784.0
2016-01-15,102.43,105.5,101.72,104.04,19775141.0,0.0,1.0,102.43,105.5,101.72,104.04,19775141.0
2016-01-19,106.57,110.14,105.55,107.89,35722752.0,0.0,1.0,106.57,110.14,105.55,107.89,35722752.0
2016-01-20,108.91,109.99,97.0501,107.74,53009419.0,0.0,1.0,108.91,109.99,97.0501,107.74,53009419.0
2016-01-21,108.32,108.51,102.1,102.35,31027503.0,0.0,1.0,108.32,108.51,102.1,102.35,31027503.0
2016-01-22,104.7225,104.99,99.22,100.72,26821771.0,0.0,1.0,104.7225,104.99,99.22,100.72,26821771.0
2016-01-25,99.78,102.68,99.0,99.12,20321102.0,0.0,1.0,99.78,102.68,99.0,99.12,20321102.0
2016-01-26,99.74,100.55,94.85,97.83,22083897.0,0.0,1.0,99.74,100.55,94.85,97.83,22083897.0
2016-01-27,96.61,97.8495,90.59,91.15,25556187.0,0.0,1.0,96.61,97.8495,90.59,91.15,25556187.0
2016-01-28,93.84,95.25,90.11,94.41,24562311.0,0.0,1.0,93.84,95.25,90.11,94.41,24562311.0
2016-01-29,92.0,94.39,90.63,91.84,20463895.0,0.0,1.0,92.0,94.39,90.63,91.84,20463895.0
2016-02-01,91.79,97.18,91.3,94.09,19684477.0,0.0,1.0,91.79,97.18,91.3,94.09,19684477.0
2016-02-02,95.54,96.65,90.73,91.49,21906495.0,0.0,1.0,95.54,96.65,90.73,91.49,21906495.0
2016-02-03,92.41,92.69,86.14,90.74,27466034.0,0.0,1.0,92.41,92.69,86.14,90.74,27466034.0
2016-02-04,89.5,91.25,86.54,89.71,19108600.0,0.0,1.0,89.5,91.25,86.54,89.71,19108600.0
2016-02-05,88.23,88.95,81.86,82.79,25929257.0,0.0,1.0,88.23,88.95,81.86,82.79,25929257.0
2016-02-08,80.57,84.7,79.95,83.32,25035634.0,0.0,1.0,80.57,84.7,79.95,83.32,25035634.0
2016-02-09,81.75,88.4,81.55,86.13,25892874.0,0.0,1.0,81.75,88.4,81.55,86.13,25892874.0
2016-02-10,89.0,92.21,87.42,88.45,23146517.0,0.0,1.0,89.0,92.21,87.42,88.45,23146517.0
2016-02-11,87.42,88.39,82.911,86.35,21820321.0,0.0,1.0,87.42,88.39,82.911,86.35,21820321.0
2016-02-12,86.64,89.72,85.26,87.4,19067683.0,0.0,1.0,86.64,89.72,85.26,87.4,19067683.0
2016-02-16,89.0,90.14,87.54,89.05,16356604.0,0.0,1.0,89.0,90.14,87.54,89.05,16356604.0
2016-02-17,90.13,94.77,89.64,94.76,18323834.0,0.0,1.0,90.13,94.77,89.64,94.76,18323834.0
2016-02-18,94.8,94.9,90.31,90.49,17695324.0,0.0,1.0,94.8,94.9,90.31,90.49,17695324.0
2016-02-19,89.98,91.4,88.03,89.23,14259205.0,0.0,1.0,89.98,91.4,88.03,89.23,14259205.0
2016-02-22,90.75,93.11,88.3,91.93,16321822.0,0.0,1.0,90.75,93.11,88.3,91.93,16321822.0
2016-02-23,91.4,92.49,89.05,89.12,12744428.0,0.0,1.0,91.4,92.49,89.05,89.12,12744428.0
2016-02-24,88.5,91.76,86.7,91.61,15972819.0,0.0,1.0,88.5,91.76,86.7,91.61,15972819.0
2016-02-25,91.08,94.81,90.21,94.53,17898777.0,0.0,1.0,91.08,94.81,90.21,94.53,17898777.0
2016-02-26,95.3,97.48,94.25,94.79,16975151.0,0.0,1.0,95.3,97.48,94.25,94.79,16975151.0
2016-02-29,94.81,97.2,93.34,93.41,13663080.0,0.0,1.0,94.81,97.2,93.34,93.41,13663080.0
2016-03-01,94.58,99.16,93.61,98.3,17048790.0,0.0,1.0,94.58,99.16,93.61,98.3,17048790.0
2016-03-02,98.01,99.48,95.9,97.61,19102849.0,0.0,1.0,98.01,99.48,95.9,97.61,19102849.0
2016-03-03,97.83,98.35,95.39,97.93,15320921.0,0.0,1.0,97.83,98.35,95.39,97.93,15320921.0
2016-03-04,98.76,102.22,98.32,101.58,23414622.0,0.0,1.0,98.76,102.22,98.32,101.58,23414622.0
2016-03-07,101.0,101.79,95.25,95.49,23906672.0,0.0,1.0,101.0,101.79,95.25,95.49,23906672.0
2016-03-08,95.0,98.28,94.5,96.23,14710898.0,0.0,1.0,95.0,98.28,94.5,96.23,14710898.0
2016-03-09,96.82,98.37,95.0,98.0,12298660.0,0.0,1.0,96.82,98.37,95.0,98.0,12298660.0
2016-03-10,98.18,99.74,95.45,97.36,17002063.0,0.0,1.0,98.18,99.74,95.45,97.36,17002063.0
2016-03-11,99.51,99.6,96.05,97.66,15114299.0,0.0,1.0,99.51,99.6,96.05,97.66,15114299.0
2016-03-14,97.2,99.42,97.17,98.13,11251874.0,0.0,1.0,97.2,99.42,97.17,98.13,11251874.0
2016-03-15,97.87,98.51,96.43,97.86,9691768.0,0.0,1.0,97.87,98.51,96.43,97.86,9691768.0
2016-03-16,97.53,99.73,97.5,99.35,12630530.0,0.0,1.0,97.53,99.73,97.5,99.35,12630530.0
2016-03-17,99.05,101.39,99.0,99.72,13824964.0,0.0,1.0,99.05,101.39,99.0,99.72,13824964.0
2016-03-18,100.5,102.41,100.01,101.12,15453454.0,0.0,1.0,100.5,102.41,100.01,101.12,15453454.0
2016-03-21,101.15,102.1,99.5,101.06,9578466.0,0.0,1.0,101.15,102.1,99.5,101.06,9578466.0
2016-03-22,100.48,101.52,99.2,99.84,9069905.0,0.0,1.0,100.48,101.52,99.2,99.84,9069905.0
2016-03-23,99.75,100.39,98.81,99.59,8313480.0,0.0,1.0,99.75,100.39,98.81,99.59,8313480.0
2016-03-24,98.64,98.85,97.07,98.36,10671139.0,0.0,1.0,98.64,98.85,97.07,98.36,10671139.0
2016-03-28,98.34,101.44,97.82,101.21,12432217.0,0.0,1.0,98.34,101.44,97.82,101.21,12432217.0
2016-03-29,101.08,104.33,101.0,104.13,16008868.0,0.0,1.0,101.08,104.33,101.0,104.13,16008868.0
2016-03-30,104.65,104.91,101.4805,102.19,14704994.0,0.0,1.0,104.65,104.91,101.4805,102.19,14704994.0
2016-03-31,102.43,103.53,101.05,102.23,9747539.0,0.0,1.0,102.43,103.53,101.05,102.23,9747539.0
2016-04-01,102.93,105.79,102.47,105.7,14182359.0,0.0,1.0,102.93,105.79,102.47,105.7,14182359.0
2016-04-04,105.9,105.92,103.2,104.35,10940426.0,0.0,1.0,105.9,105.92,103.2,104.35,10940426.0
2016-04-05,103.47,105.75,103.25,104.94,10060916.0,0.0,1.0,103.47,105.75,103.25,104.94,10060916.0
2016-04-06,105.3,106.44,104.25,104.83,9605800.0,0.0,1.0,105.3,106.44,104.25,104.83,9605800.0
2016-04-07,104.31,106.435,103.6,104.45,10774911.0,0.0,1.0,104.31,106.435,103.6,104.45,10774911.0
2016-04-08,105.12,105.326,102.82,103.81,7857592.0,0.0,1.0,105.12,105.326,102.82,103.81,7857592.0
2016-04-11,104.04,104.98,102.62,102.68,7451315.0,0.0,1.0,104.04,104.98,102.62,102.68,7451315.0
2016-04-12,103.15,107.22,102.21,106.98,12436982.0,0.0,1.0,103.15,107.22,102.21,106.98,12436982.0
2016-04-13,108.0,111.28,107.88,109.65,16701709.0,0.0,1.0,108.0,111.28,107.88,109.65,16701709.0
2016-04-14,110.01,111.64,109.15,110.42,9553688.0,0.0,1.0,110.01,111.64,109.15,110.42,9553688.0
2016-04-15,110.64,111.85,109.7803,111.51,11746065.0,0.0,1.0,110.64,111.85,109.7803,111.51,11746065.0
2016-04-18,109.9,110.7,106.02,108.4,32816416.0,0.0,1.0,109.9,110.7,106.02,108.4,32816416.0
2016-04-19,99.49,101.37,94.2,94.34,55728765.0,0.0,1.0,99.49,101.37,94.2,94.34,55728765.0
2016-04-20,94.34,96.98,93.14,96.77,26613506.0,0.0,1.0,94.34,96.98,93.14,96.77,26613506.0
2016-04-21,97.31,97.38,94.78,94.98,19919415.0,0.0,1.0,97.31,97.38,94.78,94.98,19919415.0
2016-04-22,94.847,96.69,94.21,95.9,15806320.0,0.0,1.0,94.847,96.69,94.21,95.9,15806320.0
2016-04-25,95.7,95.7461,92.8,93.56,14985382.0,0.0,1.0,95.7,95.7461,92.8,93.56,14985382.0
2016-04-26,93.5,93.55,91.25,92.43,15330856.0,0.0,1.0,93.5,93.55,91.25,92.43,15330856.0
2016-04-27,92.18,92.5,90.21,91.04,12218929.0,0.0,1.0,92.18,92.5,90.21,91.04,12218929.0
2016-04-28,91.5,92.67,90.09,90.28,11474907.0,0.0,1.0,91.5,92.67,90.09,90.28,11474907.0
2016-04-29,90.5,90.56,88.21,90.03,13968018.0,0.0,1.0,90.5,90.56,88.21,90.03,13968018.0
2016-05-02,90.41,93.22,89.8901,93.11,12547005.0,0.0,1.0,90.41,93.22,89.8901,93.11,12547005.0
2016-05-03,92.08,93.25,91.3,91.54,10593880.0,0.0,1.0,92.08,93.25,91.3,91.54,10593880.0
2016-05-04,91.0,92.16,90.35,90.79,7394742.0,0.0,1.0,91.0,92.16,90.35,90.79,7394742.0
2016-05-05,90.91,92.0775,89.25,89.37,10368491.0,0.0,1.0,90.91,92.0775,89.25,89.37,10368491.0
2016-05-06,88.83,90.88,88.11,90.84,10433936.0,0.0,1.0,88.83,90.88,88.11,90.84,10433936.0
2016-05-09,90.73,91.828,89.9,90.54,9543705.0,0.0,1.0,90.73,91.828,89.9,90.54,9543705.0
2016-05-10,91.14,93.25,91.09,92.89,11175913.0,0.0,1.0,91.14,93.25,91.09,92.89,11175913.0
2016-05-11,92.4,92.59,89.9,90.02,11692864.0,0.0,1.0,92.4,92.59,89.9,90.02,11692864.0
2016-05-12,90.32,90.41,85.74,87.74,20408118.0,0.0,1.0,90.32,90.41,85.74,87.74,20408118.0
2016-05-13,87.39,88.59,86.26,87.88,11571389.0,0.0,1.0,87.39,88.59,86.26,87.88,11571389.0
2016-05-16,87.56,90.0,86.15,89.12,11247812.0,0.0,1.0,87.56,90.0,86.15,89.12,11247812.0
2016-05-17,89.0,90.87,88.172,88.63,11571267.0,0.0,1.0,89.0,90.87,88.172,88.63,11571267.0
2016-05-18,88.25,91.72,88.25,90.5,13911836.0,0.0,1.0,88.25,91.72,88.25,90.5,13911836.0
2016-05-19,90.16,91.27,88.3,89.55,11450323.0,0.0,1.0,90.16,91.27,88.3,89.55,11450323.0
2016-05-20,90.08,93.28,89.98,92.49,15063042.0,0.0,1.0,90.08,93.28,89.98,92.49,15063042.0
2016-05-23,92.98,95.2924,92.85,94.89,13992330.0,0.0,1.0,92.98,95.2924,92.85,94.89,13992330.0
2016-05-24,95.98,99.14,95.75,97.89,21246023.0,0.0,1.0,95.98,99.14,95.75,97.89,21246023.0
2016-05-25,99.0,100.31,98.3,100.2,15211295.0,0.0,1.0,99.0,100.31,98.3,100.2,15211295.0
2016-05-26,103.21,104.0,101.38,102.81,17824673.0,0.0,1.0,103.21,104.0,101.38,102.81,17824673.0
2016-05-27,102.44,103.5,101.44,103.3,9092127.0,0.0,1.0,102.44,103.5,101.44,103.3,9092127.0
2016-05-31,102.95,103.45,102.13,102.57,8725656.0,0.0,1.0,102.95,103.45,102.13,102.57,8725656.0
2016-06-01,101.5,101.92,100.16,101.51,8393380.0,0.0,1.0,101.5,101.92,100.16,101.51,8393380.0
2016-06-02,101.39,102.15,100.77,101.25,7992448.0,0.0,1.0,101.39,102.15,100.77,101.25,7992448.0
2016-06-03,100.99,101.0,98.53,99.59,9223994.0,0.0,1.0,100.99,101.0,98.53,99.59,9223994.0
2016-06-06,100.29,101.0712,99.72,100.74,6828128.0,0.0,1.0,100.29,101.0712,99.72,100.74,6828128.0
2016-06-07,101.2,101.63,99.77,99.89,6474742.0,0.0,1.0,101.2,101.63,99.77,99.89,6474742.0
2016-06-08,100.02,100.28,97.6,97.86,9423938.0,0.0,1.0,100.02,100.28,97.6,97.86,9423938.0
2016-06-09,97.22,98.433,96.664,97.09,8923803.0,0.0,1.0,97.22,98.433,96.664,97.09,8923803.0
2016-06-10,94.88,95.35,93.28,93.75,12907900.0,0.0,1.0,94.88,95.35,93.28,93.75,12907900.0
2016-06-13,95.02,97.2,93.62,93.85,13484345.0,0.0,1.0,95.02,97.2,93.62,93.85,13484345.0
2016-06-14,94.16,95.8,93.27,94.12,9480388.0,0.0,1.0,94.16,95.8,93.27,94.12,9480388.0
2016-06-15,94.61,95.46,93.5,94.29,7675449.0,0.0,1.0,94.61,95.46,93.5,94.29,7675449.0
2016-06-16,94.18,95.56,93.2474,95.44,7550774.0,0.0,1.0,94.18,95.56,93.2474,95.44,7550774.0
2016-06-17,95.75,95.77,94.2,94.45,8046841.0,0.0,1.0,95.75,95.77,94.2,94.45,8046841.0
2016-06-20,95.22,95.88,93.65,93.8,9026376.0,0.0,1.0,95.22,95.88,93.65,93.8,9026376.0
2016-06-21,93.87,93.88,90.77,90.99,15199727.0,0.0,1.0,93.87,93.88,90.77,90.99,15199727.0
2016-06-22,90.78,91.98,89.77,90.01,9454685.0,0.0,1.0,90.78,91.98,89.77,90.01,9454685.0
2016-06-23,90.62,91.68,88.15,91.66,10819033.0,0.0,1.0,90.62,91.68,88.15,91.66,10819033.0
2016-06-24,87.53,90.49,87.21,88.44,11248582.0,0.0,1.0,87.53,90.49,87.21,88.44,11248582.0
2016-06-27,87.88,88.0,84.81,85.33,13775706.0,0.0,1.0,87.88,88.0,84.81,85.33,13775706.0
2016-06-28,87.41,88.88,86.41,87.97,11545631.0,0.0,1.0,87.41,88.88,86.41,87.97,11545631.0
2016-06-29,89.67,91.97,88.7,91.06,11687079.0,0.0,1.0,89.67,91.97,88.7,91.06,11687079.0
2016-06-30,90.91,91.7201,89.9,91.48,9098971.0,0.0,1.0,90.91,91.7201,89.9,91.48,9098971.0
2016-07-01,95.0,97.0,94.8,96.67,16167210.0,0.0,1.0,95.0,97.0,94.8,96.67,16167210.0
2016-07-05,95.2,101.27,93.31,97.91,25879367.0,0.0,1.0,95.2,101.27,93.31,97.91,25879367.0
2016-07-06,95.03,96.0,93.55,94.6,16301211.0,0.0,1.0,95.03,96.0,93.55,94.6,16301211.0
2016-07-07,94.7,95.38,93.18,95.1,9913509.0,0.0,1.0,94.7,95.38,93.18,95.1,9913509.0
2016-07-08,96.0,97.41,95.3,97.06,8335375.0,0.0,1.0,96.0,97.41,95.3,97.06,8335375.0
2016-07-11,96.19,96.869,94.3,94.67,13276161.0,0.0,1.0,96.19,96.869,94.3,94.67,13276161.0
2016-07-12,95.07,96.72,94.09,95.97,11617410.0,0.0,1.0,95.07,96.72,94.09,95.97,11617410.0
2016-07-13,96.26,96.72,94.8,96.43,8768863.0,0.0,1.0,96.26,96.72,94.8,96.43,8768863.0
2016-07-14,97.0,98.27,96.8,98.02,9885009.0,0.0,1.0,97.0,98.27,96.8,98.02,9885009.0
2016-07-15,98.52,98.7,97.41,98.39,9041865.0,0.0,1.0,98.52,98.7,97.41,98.39,9041865.0
2016-07-18,98.43,99.84,97.24,98.81,28669659.0,0.0,1.0,98.43,99.84,97.24,98.81,28669659.0
2016-07-19,85.43,86.75,84.5,85.84,55681209.0,0.0,1.0,85.43,86.75,84.5,85.84,55681209.0
2016-07-20,86.67,88.49,85.82,87.91,23525141.0,0.0,1.0,86.67,88.49,85.82,87.91,23525141.0
2016-07-21,88.3,88.38,85.21,85.99,16083996.0,0.0,1.0,88.3,88.38,85.21,85.99,16083996.0
2016-07-22,86.48,86.5,85.11,85.89,11363917.0,0.0,1.0,86.48,86.5,85.11,85.89,11363917.0
2016-07-25,85.73,87.87,85.01,87.66,14135027.0,0.0,1.0,85.73,87.87,85.01,87.66,14135027.0
2016-07-26,91.03,93.1,90.9,91.41,19577623.0,0.0,1.0,91.03,93.1,90.9,91.41,19577623.0
2016-07-27,91.5,92.06,90.1,92.04,8727517.0,0.0,1.0,91.5,92.06,90.1,92.04,8727517.0
2016-07-28,91.92,92.21,90.68,91.65,6227698.0,0.0,1.0,91.92,92.21,90.68,91.65,6227698.0
2016-07-29,91.19,91.749,90.59,91.25,6960222.0,0.0,1.0,91.19,91.749,90.59,91.25,6960222.0
2016-08-01,91.23,94.67,90.5,94.37,10666945.0,0.0,1.0,91.23,94.67,90.5,94.37,10666945.0
2016-08-02,94.0,94.08,92.18,93.56,9836233.0,0.0,1.0,94.0,94.08,92.18,93.56,9836233.0
2016-08-03,93.28,94.67,92.55,93.1,7030916.0,0.0,1.0,93.28,94.67,92.55,93.1,7030916.0
2016-08-04,93.2,93.7319,91.82,93.44,6043394.0,0.0,1.0,93.2,93.7319,91.82,93.44,6043394.0
2016-08-05,93.77,97.74,93.56,97.03,18364801.0,0.0,1.0,93.77,97.74,93.56,97.03,18364801.0
2016-08-08,95.91,95.93,94.0,95.11,10135401.0,0.0,1.0,95.91,95.93,94.0,95.11,10135401.0
2016-08-09,95.12,95.81,93.48,93.99,9175413.0,0.0,1.0,95.12,95.81,93.48,93.99,9175413.0
2016-08-10,94.4,94.75,92.95,93.93,6511142.0,0.0,1.0,94.4,94.75,92.95,93.93,6511142.0
2016-08-11,94.6,96.33,94.37,95.89,8547659.0,0.0,1.0,94.6,96.33,94.37,95.89,8547659.0
2016-08-12,95.53,96.83,95.08,96.59,6592923.0,0.0,1.0,95.53,96.83,95.08,96.59,6592923.0
2016-08-15,96.83,96.91,95.24,95.31,7304620.0,0.0,1.0,96.83,96.91,95.24,95.31,7304620.0
2016-08-16,95.19,95.61,94.4,95.12,6311339.0,0.0,1.0,95.19,95.61,94.4,95.12,6311339.0
2016-08-17,94.94,96.93,94.85,96.37,8315615.0,0.0,1.0,94.94,96.93,94.85,96.37,8315615.0
2016-08-18,95.98,97.2168,95.17,96.16,7252629.0,0.0,1.0,95.98,97.2168,95.17,96.16,7252629.0
2016-08-19,96.05,96.78,95.51,95.87,6942892.0,0.0,1.0,96.05,96.78,95.51,95.87,6942892.0
2016-08-22,95.67,96.13,94.95,95.26,5830548.0,0.0,1.0,95.67,96.13,94.95,95.26,5830548.0
2016-08-23,95.68,96.59,95.48,95.94,5239106.0,0.0,1.0,95.68,96.59,95.48,95.94,5239106.0
2016-08-24,96.13,96.36,94.91,95.18,6276468.0,0.0,1.0,96.13,96.36,94.91,95.18,6276468.0
2016-08-25,96.38,98.245,96.04,97.32,10823055.0,0.0,1.0,96.38,98.245,96.04,97.32,10823055.0
2016-08-26,97.33,97.95,96.57,97.58,6617636.0,0.0,1.0,97.33,97.95,96.57,97.58,6617636.0
2016-08-29,96.97,98.4497,96.57,97.3,8008430.0,0.0,1.0,96.97,98.4497,96.57,97.3,8008430.0
2016-08-30,97.84,98.85,97.14,97.45,6093536.0,0.0,1.0,97.84,98.85,97.14,97.45,6093536.0
2016-08-31,97.48,97.88,96.76,97.45,4690614.0,0.0,1.0,97.48,97.88,96.76,97.45,4690614.0
2016-09-01,97.81,97.98,96.916,97.38,4148621.0,0.0,1.0,97.81,97.98,96.916,97.38,4148621.0
2016-09-02,97.9,98.18,97.01,97.38,4247182.0,0.0,1.0,97.9,98.18,97.01,97.38,4247182.0
2016-09-06,97.76,100.32,97.649,100.09,9036092.0,0.0,1.0,97.76,100.32,97.649,100.09,9036092.0
2016-09-07,100.11,100.19,98.42,99.15,6468512.0,0.0,1.0,100.11,100.19,98.42,99.15,6468512.0
2016-09-08,99.23,100.05,98.82,99.66,5201208.0,0.0,1.0,99.23,100.05,98.82,99.66,5201208.0
2016-09-09,99.06,99.39,96.5,96.5,7373319.0,0.0,1.0,99.06,99.39,96.5,96.5,7373319.0
2016-09-12,95.91,99.29,95.71,99.05,7718351.0,0.0,1.0,95.91,99.29,95.71,99.05,7718351.0
2016-09-13,97.17,98.0,95.33,96.09,11788078.0,0.0,1.0,97.17,98.0,95.33,96.09,11788078.0
2016-09-14,97.35,98.35,96.96,97.01,8528450.0,0.0,1.0,97.35,98.35,96.96,97.01,8528450.0
2016-09-15,97.23,97.97,96.53,97.34,5299930.0,0.0,1.0,97.23,97.97,96.53,97.34,5299930.0
2016-09-16,97.1,99.49,97.04,99.48,9445109.0,0.0,1.0,97.1,99.49,97.04,99.48,9445109.0
2016-09-19,99.9,100.35,97.82,98.06,8616183.0,0.0,1.0,99.9,100.35,97.82,98.06,8616183.0
2016-09-20,98.78,99.16,97.66,98.25,4736762.0,0.0,1.0,98.78,99.16,97.66,98.25,4736762.0
2016-09-21,96.9,97.1,93.26,94.88,20042236.0,0.0,1.0,96.9,97.1,93.26,94.88,20042236.0
2016-09-22,95.54,95.88,94.23,95.83,11214973.0,0.0,1.0,95.54,95.88,94.23,95.83,11214973.0
2016-09-23,95.75,96.97,95.43,95.94,6179471.0,0.0,1.0,95.75,96.97,95.43,95.94,6179471.0
2016-09-26,95.38,95.38,94.04,94.56,6739188.0,0.0,1.0,95.38,95.38,94.04,94.56,6739188.0
2016-09-27,95.04,97.64,95.0,97.07,9680100.0,0.0,1.0,95.04,97.64,95.0,97.07,9680100.0
2016-09-28,97.1,97.59,96.02,97.48,7235109.0,0.0,1.0,97.1,97.59,96.02,97.48,7235109.0
2016-09-29,97.31,98.31,96.6,96.67,6217636.0,0.0,1.0,97.31,98.31,96.6,96.67,6217636.0
2016-09-30,96.9,99.53,96.79,98.55,9807925.0,0.0,1.0,96.9,99.53,96.79,98.55,9807925.0
2016-10-03,98.0,103.39,98.0,102.63,15344490.0,0.0,1.0,98.0,103.39,98.0,102.63,15344490.0
2016-10-04,103.19,104.44,101.86,102.34,12143104.0,0.0,1.0,103.19,104.44,101.86,102.34,12143104.0
2016-10-05,103.5,106.97,103.4301,106.28,12942880.0,0.0,1.0,103.5,106.97,103.4301,106.28,12942880.0
2016-10-06,104.97,105.47,103.88,105.07,6587738.0,0.0,1.0,104.97,105.47,103.88,105.07,6587738.0
2016-10-07,103.98,106.5,103.5501,104.82,8659518.0,0.0,1.0,103.98,106.5,103.5501,104.82,8659518.0
2016-10-10,103.18,104.53,102.76,103.33,6699653.0,0.0,1.0,103.18,104.53,102.76,103.33,6699653.0
2016-10-11,102.31,102.9,99.86,100.59,9032854.0,0.0,1.0,102.31,102.9,99.86,100.59,9032854.0
2016-10-12,100.88,102.47,99.22,99.5,7426504.0,0.0,1.0,100.88,102.47,99.22,99.5,7426504.0
2016-10-13,98.01,100.5,97.63,100.23,8319333.0,0.0,1.0,98.01,100.5,97.63,100.23,8319333.0
2016-10-14,101.59,102.099,100.35,101.47,9531056.0,0.0,1.0,101.59,102.099,100.35,101.47,9531056.0
2016-10-17,100.5,100.73,98.38,99.8,26589483.0,0.0,1.0,100.5,100.73,98.38,99.8,26589483.0
2016-10-18,116.63,119.82,116.5,118.79,42168221.0,0.0,1.0,116.63,119.82,116.5,118.79,42168221.0
2016-10-19,118.25,122.45,118.0,121.87,21981734.0,0.0,1.0,118.25,122.45,118.0,121.87,21981734.0
2016-10-20,121.97,123.75,121.06,123.35,14492827.0,0.0,1.0,121.97,123.75,121.06,123.35,14492827.0
2016-10-21,122.5,127.85,122.31,127.5,18832428.0,0.0,1.0,122.5,127.85,122.31,127.5,18832428.0
2016-10-24,127.42,129.29,126.15,127.33,15980674.0,0.0,1.0,127.42,129.29,126.15,127.33,15980674.0
2016-10-25,126.52,128.06,125.75,126.51,8253941.0,0.0,1.0,126.52,128.06,125.75,126.51,8253941.0
2016-10-26,126.29,128.72,125.75,126.97,8602407.0,0.0,1.0,126.29,128.72,125.75,126.97,8602407.0
2016-10-27,127.43,128.18,125.93,126.47,6914182.0,0.0,1.0,127.43,128.18,125.93,126.47,6914182.0
2016-10-28,126.08,128.93,126.0118,126.57,7077252.0,0.0,1.0,126.08,128.93,126.0118,126.57,7077252.0
2016-10-31,126.85,126.9,124.4,124.87,6517512.0,0.0,1.0,126.85,126.9,124.4,124.87,6517512.0
2016-11-01,124.98,125.83,121.8,123.3,6978621.0,0.0,1.0,124.98,125.83,121.8,123.3,6978621.0
2016-11-02,122.83,124.07,121.83,122.34,4816526.0,0.0,1.0,122.83,124.07,121.83,122.34,4816526.0
2016-11-03,122.31,123.72,121.84,122.14,5041321.0,0.0,1.0,122.31,123.72,121.84,122.14,5041321.0
2016-11-04,122.0,123.43,121.62,122.03,5077719.0,0.0,1.0,122.0,123.43,121.62,122.03,5077719.0
2016-11-07,124.26,125.75,123.37,124.58,5827126.0,0.0,1.0,124.26,125.75,123.37,124.58,5827126.0
2016-11-08,124.12,125.81,123.22,124.34,4690756.0,0.0,1.0,124.12,125.81,123.22,124.34,4690756.0
2016-11-09,121.84,123.65,120.8611,122.19,7705673.0,0.0,1.0,121.84,123.65,120.8611,122.19,7705673.0
2016-11-10,122.76,122.97,113.7,115.42,19718703.0,0.0,1.0,122.76,122.97,113.7,115.42,19718703.0
2016-11-11,114.9,116.63,113.11,114.78,11080251.0,0.0,1.0,114.9,116.63,113.11,114.78,11080251.0
2016-11-14,114.75,115.9,110.68,113.38,9932379.0,0.0,1.0,114.75,115.9,110.68,113.38,9932379.0
2016-11-15,114.55,116.41,113.091,113.59,7445094.0,0.0,1.0,114.55,116.41,113.091,113.59,7445094.0
2016-11-16,112.96,116.12,111.81,115.19,5933728.0,0.0,1.0,112.96,116.12,111.81,115.19,5933728.0
2016-11-17,112.89,116.81,113.56,115.03,6232744.0,0.0,1.0,112.89,116.81,113.56,115.03,6232744.0
2016-11-18,115.73,116.42,113.51,115.21,6746783.0,0.0,1.0,115.73,116.42,113.51,115.21,6746783.0
2016-11-21,116.2,118.72,116.19,117.96,7064528.0,0.0,1.0,116.2,118.72,116.19,117.96,7064528.0
2016-11-22,118.32,119.46,116.98,118.04,7007188.0,0.0,1.0,118.32,119.46,116.98,118.04,7007188.0
2016-11-23,117.76,118.89,117.31,117.69,4521314.0,0.0,1.0,117.76,118.89,117.31,117.69,4521314.0
2016-11-25,117.64,118.39,117.18,117.41,1616260.0,0.0,1.0,117.64,118.39,117.18,117.41,1616260.0
2016-11-28,117.05,117.62,115.71,116.93,5278861.0,0.0,1.0,117.05,117.62,115.71,116.93,5278861.0
2016-11-29,117.3,119.18,117.1316,117.51,7082264.0,0.0,1.0,117.3,119.18,117.1316,117.51,7082264.0
2016-11-30,119.0,120.37,116.3913,117.0,7715103.0,0.0,1.0,119.0,120.37,116.3913,117.0,7715103.0
2016-12-01,117.52,118.68,113.95,117.22,8636943.0,0.0,1.0,117.52,118.68,113.95,117.22,8636943.0
2016-12-02,116.75,120.98,116.75,120.81,8953590.0,0.0,1.0,116.75,120.98,116.75,120.81,8953590.0
2016-12-05,120.73,120.75,118.4,119.16,7626283.0,0.0,1.0,120.73,120.75,118.4,119.16,7626283.0
2016-12-06,120.1,124.79,119.42,124.57,11513209.0,0.0,1.0,120.1,124.79,119.42,124.57,11513209.0
2016-12-07,124.48,125.75,123.25,125.39,8204687.0,0.0,1.0,124.48,125.75,123.25,125.39,8204687.0
2016-12-08,125.4,126.35,122.16,123.24,8987712.0,0.0,1.0,125.4,126.35,122.16,123.24,8987712.0
2016-12-09,123.78,124.3,121.73,122.88,4700783.0,0.0,1.0,123.78,124.3,121.73,122.88,4700783.0
2016-12-12,122.84,124.03,122.3,122.83,3917605.0,0.0,1.0,122.84,124.03,122.3,122.83,3917605.0
2016-12-13,123.51,125.09,122.7809,123.78,5564509.0,0.0,1.0,123.51,125.09,122.7809,123.78,5564509.0
2016-12-14,123.43,124.4,122.5,123.44,6110273.0,0.0,1.0,123.43,124.4,122.5,123.44,6110273.0
2016-12-15,123.44,127.43,122.95,125.0,7376184.0,0.0,1.0,123.44,127.43,122.95,125.0,7376184.0
2016-12-16,126.39,126.68,124.01,124.22,7867975.0,0.0,1.0,126.39,126.68,124.01,124.22,7867975.0
2016-12-19,124.3,126.44,122.87,125.45,4867276.0,0.0,1.0,124.3,126.44,122.87,125.45,4867276.0
2016-12-20,125.46,126.3,124.64,125.12,3937812.0,0.0,1.0,125.46,126.3,124.64,125.12,3937812.0
2016-12-21,125.53,127.7372,125.0,126.5,6514793.0,0.0,1.0,125.53,127.7372,125.0,126.5,6514793.0
2016-12-22,126.84,127.5,125.18,125.58,4161410.0,0.0,1.0,126.84,127.5,125.18,125.58,4161410.0
2016-12-23,125.61,126.28,125.08,125.59,2010382.0,0.0,1.0,125.61,126.28,125.08,125.59,2010382.0
2016-12-27,126.24,129.05,125.7,128.35,5288164.0,0.0,1.0,126.24,129.05,125.7,128.35,5288164.0
2016-12-28,129.07,129.07,125.76,125.89,4389162.0,0.0,1.0,129.07,129.07,125.76,125.89,4389162.0
2016-12-29,125.95,126.14,124.2,125.33,3445056.0,0.0,1.0,125.95,126.14,124.2,125.33,3445056.0
2016-12-30,126.24,126.57,123.6,123.8,4455351.0,0.0,1.0,126.24,126.57,123.6,123.8,4455351.0
2017-01-03,124.96,128.19,124.31,127.49,9437856.0,0.0,1.0,124.96,128.19,124.31,127.49,9437856.0
2017-01-04,127.49,130.17,126.55,129.41,7843559.0,0.0,1.0,127.49,130.17,126.55,129.41,7843559.0
2017-01-05,129.22,132.75,128.9,131.81,10185516.0,0.0,1.0,129.22,132.75,128.9,131.81,10185516.0
2017-01-06,132.08,133.88,129.81,131.07,10657878.0,0.0,1.0,132.08,133.88,129.81,131.07,10657878.0
2017-01-09,131.48,131.99,129.89,130.95,5771835.0,0.0,1.0,131.48,131.99,129.89,130.95,5771835.0
2017-01-10,131.27,132.22,129.29,129.89,5985809.0,0.0,1.0,131.27,132.22,129.29,129.89,5985809.0
2017-01-11,130.91,131.5,129.2475,130.5,5615061.0,0.0,1.0,130.91,131.5,129.2475,130.5,5615061.0
2017-01-12,130.63,130.85,128.5,129.18,5388880.0,0.0,1.0,130.63,130.85,128.5,129.18,5388880.0
2017-01-13,131.15,133.93,130.58,133.7,10515015.0,0.0,1.0,131.15,133.93,130.58,133.7,10515015.0
2017-01-17,135.04,135.4,132.09,132.89,12220202.0,0.0,1.0,135.04,135.4,132.09,132.89,12220202.0
2017-01-18,133.21,133.65,131.06,133.26,16168617.0,0.0,1.0,133.21,133.65,131.06,133.26,16168617.0
2017-01-19,142.01,143.46,138.25,138.41,23203441.0,0.0,1.0,142.01,143.46,138.25,138.41,23203441.0
2017-01-20,139.36,140.79,137.66,138.6,9497394.0,0.0,1.0,139.36,140.79,137.66,138.6,9497394.0
2017-01-23,138.65,139.49,137.31,137.39,7433896.0,0.0,1.0,138.65,139.49,137.31,137.39,7433896.0
2017-01-24,138.11,140.93,137.03,140.11,7754673.0,0.0,1.0,138.11,140.93,137.03,140.11,7754673.0
2017-01-25,140.8,141.39,139.05,139.52,7612888.0,0.0,1.0,140.8,141.39,139.05,139.52,7612888.0
2017-01-26,140.45,141.21,138.51,138.96,6038313.0,0.0,1.0,140.45,141.21,138.51,138.96,6038313.0
2017-01-27,139.46,142.49,139.0,142.45,8323866.0,0.0,1.0,139.46,142.49,139.0,142.45,8323866.0
2017-01-30,141.77,141.967,138.8,141.22,8122481.0,0.0,1.0,141.77,141.967,138.8,141.22,8122481.0
2017-01-31,140.55,141.83,139.7,140.71,4411631.0,0.0,1.0,140.55,141.83,139.7,140.71,4411631.0
2017-02-01,141.2,142.41,139.3,140.78,6033422.0,0.0,1.0,141.2,142.41,139.3,140.78,6033422.0
2017-02-02,140.61,141.04,139.05,139.2,3462370.0,0.0,1.0,140.61,141.04,139.05,139.2,3462370.0
2017-02-03,139.51,140.64,139.1,140.25,3512568.0,0.0,1.0,139.51,140.64,139.1,140.25,3512568.0
2017-02-06,140.0,141.0,139.16,140.97,3552066.0,0.0,1.0,140.0,141.0,139.16,140.97,3552066.0
2017-02-07,141.49,144.28,141.05,144.0,8573515.0,0.0,1.0,141.49,144.28,141.05,144.0,8573515.0
2017-02-08,143.57,145.07,142.56,144.74,6887050.0,0.0,1.0,143.57,145.07,142.56,144.74,6887050.0
2017-02-09,144.98,145.09,143.58,144.14,4555119.0,0.0,1.0,144.98,145.09,143.58,144.14,4555119.0
2017-02-10,144.68,145.2992,143.97,144.82,6171936.0,0.0,1.0,144.68,145.2992,143.97,144.82,6171936.0
2017-02-13,145.19,145.95,143.05,143.2,4790435.0,0.0,1.0,145.19,145.95,143.05,143.2,4790435.0
2017-02-14,143.2,144.11,140.05,140.82,8367786.0,0.0,1.0,143.2,144.11,140.05,140.82,8367786.0
2017-02-15,140.72,142.43,140.51,142.27,5309050.0,0.0,1.0,140.72,142.43,140.51,142.27,5309050.0
2017-02-16,142.42,142.44,141.07,142.01,2847496.0,0.0,1.0,142.42,142.44,141.07,142.01,2847496.0
2017-02-17,141.75,142.9,141.27,142.22,4588073.0,0.0,1.0,141.75,142.9,141.27,142.22,4588073.0
2017-02-21,142.99,143.38,141.81,142.6,3571481.0,0.0,1.0,142.99,143.38,141.81,142.6,3571481.0
2017-02-22,142.92,144.0,142.17,143.86,3481968.0,0.0,1.0,142.92,144.0,142.17,143.86,3481968.0
2017-02-23,144.45,144.49,141.5196,142.78,4667978.0,0.0,1.0,144.45,144.49,141.5196,142.78,4667978.0
2017-02-24,141.88,143.56,141.55,143.25,3302714.0,0.0,1.0,141.88,143.56,141.55,143.25,3302714.0
2017-02-27,143.12,143.92,142.38,143.41,3907377.0,0.0,1.0,143.12,143.92,142.38,143.41,3907377.0
2017-02-28,143.3,143.57,141.85,142.13,3862221.0,0.0,1.0,143.3,143.57,141.85,142.13,3862221.0
2017-03-01,142.84,143.26,142.1,142.65,4170649.0,0.0,1.0,142.84,143.26,142.1,142.65,4170649.0
2017-03-02,142.15,142.7,139.09,139.53,6119945.0,0.0,1.0,142.15,142.7,139.09,139.53,6119945.0
2017-03-03,139.69,140.91,138.26,139.14,5401104.0,0.0,1.0,139.69,140.91,138.26,139.14,5401104.0
2017-03-06,141.0,142.84,140.54,141.94,7116118.0,0.0,1.0,141.0,142.84,140.54,141.94,7116118.0
2017-03-07,141.99,142.4,140.38,141.43,4241037.0,0.0,1.0,141.99,142.4,140.38,141.43,4241037.0
2017-03-08,141.47,142.06,139.7704,140.32,4092550.0,0.0,1.0,141.47,142.06,139.7704,140.32,4092550.0
2017-03-09,140.04,141.24,139.74,140.53,2652740.0,0.0,1.0,140.04,141.24,139.74,140.53,2652740.0
2017-03-10,141.39,141.8,140.28,140.89,3318464.0,0.0,1.0,141.39,141.8,140.28,140.89,3318464.0
2017-03-13,140.9,143.71,140.321,143.52,4922432.0,0.0,1.0,140.9,143.71,140.321,143.52,4922432.0
2017-03-14,142.95,143.31,141.7,143.19,4660294.0,0.0,1.0,142.95,143.31,141.7,143.19,4660294.0
2017-03-15,144.2,145.52,143.23,145.25,5987198.0,0.0,1.0,144.2,145.52,143.23,145.25,5987198.0
2017-03-16,145.5,146.5,144.22,144.39,5286456.0,0.0,1.0,145.5,146.5,144.22,144.39,5286456.0
2017-03-17,144.05,145.76,143.4,145.11,6281316.0,0.0,1.0,144.05,145.76,143.4,145.11,6281316.0
2017-03-20,145.45,146.25,144.58,145.83,3421046.0,0.0,1.0,145.45,146.25,144.58,145.83,3421046.0
2017-03-21,146.75,147.7,142.1,142.42,7669753.0,0.0,1.0,146.75,147.7,142.1,142.42,7669753.0
2017-03-22,142.545,143.8,140.76,142.65,6486893.0,0.0,1.0,142.545,143.8,140.76,142.65,6486893.0
2017-03-23,142.14,142.89,141.26,141.84,3712625.0,0.0,1.0,142.14,142.89,141.26,141.84,3712625.0
2017-03-24,142.36,142.8,141.58,142.02,3546599.0,0.0,1.0,142.36,142.8,141.58,142.02,3546599.0
2017-03-27,140.83,144.39,140.0,144.06,4771650.0,0.0,1.0,140.83,144.39,140.0,144.06,4771650.0
2017-03-28,144.1,146.11,143.92,145.17,4638003.0,0.0,1.0,144.1,146.11,143.92,145.17,4638003.0
2017-03-29,145.5,147.18,144.9089,146.47,3855031.0,0.0,1.0,145.5,147.18,144.9089,146.47,3855031.0
2017-03-30,146.81,148.29,146.53,148.06,4461068.0,0.0,1.0,146.81,148.29,146.53,148.06,4461068.0
2017-03-31,148.0,148.225,147.33,147.81,3888237.0,0.0,1.0,148.0,148.225,147.33,147.81,3888237.0
2017-04-03,146.7,148.005,145.74,146.92,4609336.0,0.0,1.0,146.7,148.005,145.74,146.92,4609336.0
2017-04-04,146.84,147.09,144.89,145.5,4368919.0,0.0,1.0,146.84,147.09,144.89,145.5,4368919.0
2017-04-05,146.19,146.25,143.26,143.62,4607636.0,0.0,1.0,146.19,146.25,143.26,143.62,4607636.0
2017-04-06,144.0,144.14,143.01,143.74,3312410.0,0.0,1.0,144.0,144.14,143.01,143.74,3312410.0
2017-04-07,143.79,143.89,142.71,143.11,3032571.0,0.0,1.0,143.79,143.89,142.71,143.11,3032571.0
2017-04-10,143.04,144.65,141.21,143.85,5807440.0,0.0,1.0,143.04,144.65,141.21,143.85,5807440.0
2017-04-11,144.28,144.54,141.98,144.35,4621451.0,0.0,1.0,144.28,144.54,141.98,144.35,4621451.0
2017-04-12,144.85,145.74,143.55,143.83,4386954.0,0.0,1.0,144.85,145.74,143.55,143.83,4386954.0
2017-04-13,144.25,144.55,142.76,142.92,3685789.0,0.0,1.0,144.25,144.55,142.76,142.92,3685789.0
2017-04-17,144.43,147.32,144.43,147.25,16364743.0,0.0,1.0,144.43,147.32,144.43,147.25,16364743.0
2017-04-18,147.34,147.4,140.0,143.36,19670975.0,0.0,1.0,147.34,147.4,140.0,143.36,19670975.0
2017-04-19,143.37,144.0,138.66,139.76,12395064.0,0.0,1.0,143.37,144.0,138.66,139.76,12395064.0
2017-04-20,140.3,141.8,139.27,141.18,7248180.0,0.0,1.0,140.3,141.8,139.27,141.18,7248180.0
2017-04-21,141.39,143.03,140.9028,142.87,6824786.0,0.0,1.0,141.39,143.03,140.9028,142.87,6824786.0
2017-04-24,143.61,144.5,143.4,143.83,4792928.0,0.0,1.0,143.61,144.5,143.4,143.83,4792928.0
2017-04-25,147.46,153.52,146.22,152.16,20578697.0,0.0,1.0,147.46,153.52,146.22,152.16,20578697.0
2017-04-26,151.53,152.15,148.9,150.17,9196892.0,0.0,1.0,151.53,152.15,148.9,150.17,9196892.0
2017-04-27,150.6,153.49,149.3,153.08,7643227.0,0.0,1.0,150.6,153.49,149.3,153.08,7643227.0
2017-04-28,152.71,152.97,150.94,152.2,6311736.0,0.0,1.0,152.71,152.97,150.94,152.2,6311736.0
2017-05-01,151.91,157.7,151.61,155.35,8964849.0,0.0,1.0,151.91,157.7,151.61,155.35,8964849.0
2017-05-02,155.76,156.5,154.61,156.45,4983533.0,0.0,1.0,155.76,156.5,154.61,156.45,4983533.0
2017-05-03,156.29,156.54,154.88,155.59,3864199.0,0.0,1.0,156.29,156.54,154.88,155.59,3864199.0
2017-05-04,155.59,157.9,154.55,157.25,5345797.0,0.0,1.0,155.59,157.9,154.55,157.25,5345797.0
2017-05-05,158.55,158.59,155.9,156.6,5316045.0,0.0,1.0,158.55,158.59,155.9,156.6,5316045.0
2017-05-08,156.55,157.64,155.3,156.38,4780919.0,0.0,1.0,156.55,157.64,155.3,156.38,4780919.0
2017-05-09,156.1,157.85,155.97,157.46,3886416.0,0.0,1.0,156.1,157.85,155.97,157.46,3886416.0
2017-05-10,157.82,161.1,156.56,160.28,6834094.0,0.0,1.0,157.82,161.1,156.56,160.28,6834094.0
2017-05-11,160.33,160.52,157.55,158.54,5534257.0,0.0,1.0,160.33,160.52,157.55,158.54,5534257.0
2017-05-12,159.11,160.84,158.51,160.81,5069936.0,0.0,1.0,159.11,160.84,158.51,160.81,5069936.0
2017-05-15,160.25,161.78,159.76,160.02,4931529.0,0.0,1.0,160.25,161.78,159.76,160.02,4931529.0
2017-05-16,160.5,161.18,159.33,159.41,3366344.0,0.0,1.0,160.5,161.18,159.33,159.41,3366344.0
2017-05-17,158.09,158.78,153.0,153.2,8042402.0,0.0,1.0,158.09,158.78,153.0,153.2,8042402.0
2017-05-18,153.61,156.89,153.24,155.7,6249052.0,0.0,1.0,153.61,156.89,153.24,155.7,6249052.0
2017-05-19,156.15,158.05,155.91,157.02,4050649.0,0.0,1.0,156.15,158.05,155.91,157.02,4050649.0
2017-05-22,157.86,158.6,156.43,157.16,3720885.0,0.0,1.0,157.86,158.6,156.43,157.16,3720885.0
2017-05-23,157.75,158.31,156.8,157.95,3333727.0,0.0,1.0,157.75,158.31,156.8,157.95,3333727.0
2017-05-24,158.35,158.48,157.17,157.75,2963515.0,0.0,1.0,158.35,158.48,157.17,157.75,2963515.0
2017-05-25,161.0,164.1,160.55,163.05,8467678.0,0.0,1.0,161.0,164.1,160.55,163.05,8467678.0
2017-05-26,162.84,163.05,161.12,162.43,4804219.0,0.0,1.0,162.84,163.05,161.12,162.43,4804219.0
2017-05-30,163.6,164.75,162.71,163.22,4791959.0,0.0,1.0,163.6,164.75,162.71,163.22,4791959.0
2017-05-31,163.61,164.0,160.74,163.07,5251201.0,0.0,1.0,163.61,164.0,160.74,163.07,5251201.0
2017-06-01,163.52,163.9316,161.7,162.99,3869808.0,0.0,1.0,163.52,163.9316,161.7,162.99,3869808.0
2017-06-02,163.42,165.36,162.8,165.18,4217679.0,0.0,1.0,163.42,165.36,162.8,165.18,4217679.0
2017-06-05,165.49,165.5,163.43,165.06,3830296.0,0.0,1.0,165.49,165.5,163.43,165.06,3830296.0
2017-06-06,164.95,166.82,164.51,165.17,4325459.0,0.0,1.0,164.95,166.82,164.51,165.17,4325459.0
2017-06-07,165.6,166.4,164.4086,165.61,3285592.0,0.0,1.0,165.6,166.4,164.4086,165.61,3285592.0
2017-06-08,166.12,166.87,164.84,165.88,3666393.0,0.0,1.0,166.12,166.87,164.84,165.88,3666393.0
2017-06-09,166.27,166.27,154.5,158.03,10255110.0,0.0,1.0,166.27,166.27,154.5,158.03,10255110.0
2017-06-12,155.3,155.53,148.31,151.44,14045559.0,0.0,1.0,155.3,155.53,148.31,151.44,14045559.0
2017-06-13,154.38,155.68,150.13,152.72,8379437.0,0.0,1.0,154.38,155.68,150.13,152.72,8379437.0
2017-06-14,154.34,155.615,150.28,152.2,6364572.0,0.0,1.0,154.34,155.615,150.28,152.2,6364572.0
2017-06-15,149.44,152.56,147.3,151.76,6976720.0,0.0,1.0,149.44,152.56,147.3,151.76,6976720.0
2017-06-16,151.45,153.53,150.39,152.38,6751799.0,0.0,1.0,151.45,153.53,150.39,152.38,6751799.0
2017-06-19,154.29,155.58,152.41,153.4,6461866.0,0.0,1.0,154.29,155.58,152.41,153.4,6461866.0
2017-06-20,153.68,154.5,151.4,152.05,4850911.0,0.0,1.0,153.68,154.5,151.4,152.05,4850911.0
2017-06-21,152.5,155.38,152.26,155.03,5783436.0,0.0,1.0,152.5,155.38,152.26,155.03,5783436.0
2017-06-22,155.13,155.2,153.7,154.89,3735995.0,0.0,1.0,155.13,155.2,153.7,154.89,3735995.0
2017-06-23,155.01,158.19,153.76,158.03,6086644.0,0.0,1.0,155.01,158.19,153.76,158.03,6086644.0
2017-06-26,158.78,159.97,156.56,157.5,5951060.0,0.0,1.0,158.78,159.97,156.56,157.5,5951060.0
2017-06-27,156.62,156.9775,150.7197,151.03,7386827.0,0.0,1.0,156.62,156.9775,150.7197,151.03,7386827.0
2017-06-28,151.64,154.2,150.12,153.41,5522740.0,0.0,1.0,151.64,154.2,150.12,153.41,5522740.0
2017-06-29,152.82,152.82,148.0,150.09,7106930.0,0.0,1.0,152.82,152.82,148.0,150.09,7106930.0
2017-06-30,149.76,150.71,148.42,149.41,5164844.0,0.0,1.0,149.76,150.71,148.42,149.41,5164844.0
2017-07-03,149.8,150.45,145.8,146.17,3907790.0,0.0,1.0,149.8,150.45,145.8,146.17,3907790.0
2017-07-05,146.58,148.26,145.58,147.61,4469163.0,0.0,1.0,146.58,148.26,145.58,147.61,4469163.0
2017-07-06,146.13,147.27,144.25,146.25,5253871.0,0.0,1.0,146.13,147.27,144.25,146.25,5253871.0
2017-07-07,146.65,150.75,146.65,150.18,5490809.0,0.0,1.0,146.65,150.75,146.65,150.18,5490809.0
2017-07-10,150.34,153.23,149.65,152.67,5113353.0,0.0,1.0,150.34,153.23,149.65,152.67,5113353.0
2017-07-11,152.37,155.23,151.55,154.33,4824579.0,0.0,1.0,152.37,155.23,151.55,154.33,4824579.0
2017-07-12,155.77,158.8,155.77,158.75,8095303.0,0.0,1.0,155.77,158.8,155.77,158.75,8095303.0
2017-07-13,158.51,160.13,156.98,158.17,6666000.0,0.0,1.0,158.51,160.13,156.98,158.17,6666000.0
2017-07-14,159.3,161.35,157.97,161.12,5412128.0,0.0,1.0,159.3,161.35,157.97,161.12,5412128.0
2017-07-17,162.91,163.55,160.0201,161.7,12299024.0,0.0,1.0,162.91,163.55,160.0201,161.7,12299024.0
2017-07-18,176.12,185.0,174.24,183.6,40126110.0,0.0,1.0,176.12,185.0,174.24,183.6,40126110.0
2017-07-19,182.97,187.17,181.75,183.86,17149580.0,0.0,1.0,182.97,187.17,181.75,183.86,17149580.0
2017-07-20,183.84,185.92,182.7,183.6,7688768.0,0.0,1.0,183.84,185.92,182.7,183.6,7688768.0
2017-07-21,182.72,191.5,182.71,188.54,9215232.0,0.0,1.0,182.72,191.5,182.71,188.54,9215232.0
2017-07-24,188.685,190.25,187.01,187.91,8646192.0,0.0,1.0,188.685,190.25,187.01,187.91,8646192.0
2017-07-25,187.79,188.66,185.81,186.97,5357533.0,0.0,1.0,187.79,188.66,185.81,186.97,5357533.0
2017-07-26,187.7,189.7043,187.51,189.08,4354866.0,0.0,1.0,187.7,189.7043,187.51,189.08,4354866.0
2017-07-27,189.89,190.0,179.38,182.68,11013995.0,0.0,1.0,189.89,190.0,179.38,182.68,11013995.0
2017-07-28,182.0,185.03,181.18,184.04,6166404.0,0.0,1.0,182.0,185.03,181.18,184.04,6166404.0
2017-07-31,184.26,184.9738,180.65,181.66,4776740.0,0.0,1.0,184.26,184.9738,180.65,181.66,4776740.0
2017-08-01,182.49,184.62,181.43,182.03,5003248.0,0.0,1.0,182.49,184.62,181.43,182.03,5003248.0
2017-08-02,182.22,182.57,177.8149,180.74,5713517.0,0.0,1.0,182.22,182.57,177.8149,180.74,5713517.0
2017-08-03,180.53,181.2248,178.02,179.23,4596187.0,0.0,1.0,180.53,181.2248,178.02,179.23,4596187.0
2017-08-04,179.6,181.0,178.5,180.27,4446148.0,0.0,1.0,179.6,181.0,178.5,180.27,4446148.0
2017-08-07,181.0,182.27,179.1,181.33,4470746.0,0.0,1.0,181.0,182.27,179.1,181.33,4470746.0
2017-08-08,181.37,181.91,177.45,178.36,4806525.0,0.0,1.0,181.37,181.91,177.45,178.36,4806525.0
2017-08-09,171.43,175.96,170.01,175.78,9573608.0,0.0,1.0,171.43,175.96,170.01,175.78,9573608.0
2017-08-10,174.03,174.45,167.6,169.14,9539473.0,0.0,1.0,174.03,174.45,167.6,169.14,9539473.0
2017-08-11,169.86,172.58,169.0,171.4,4972045.0,0.0,1.0,169.86,172.58,169.0,171.4,4972045.0
2017-08-14,169.8,172.45,168.8,171.0,7377962.0,0.0,1.0,169.8,172.45,168.8,171.0,7377962.0
2017-08-15,171.53,171.88,168.25,168.5,5470271.0,0.0,1.0,171.53,171.88,168.25,168.5,5470271.0
2017-08-16,167.5,170.5,166.25,169.98,6916579.0,0.0,1.0,167.5,170.5,166.25,169.98,6916579.0
2017-08-17,169.23,170.58,165.72,166.09,5161920.0,0.0,1.0,169.23,170.58,165.72,166.09,5161920.0
2017-08-18,165.95,169.97,165.8,166.54,7363750.0,0.0,1.0,165.95,169.97,165.8,166.54,7363750.0
2017-08-21,166.91,168.99,164.23,166.76,6303314.0,0.0,1.0,166.91,168.99,164.23,166.76,6303314.0
2017-08-22,167.76,169.93,167.04,169.34,4857816.0,0.0,1.0,167.76,169.93,167.04,169.34,4857816.0
2017-08-23,168.35,169.64,166.7,169.06,4616656.0,0.0,1.0,168.35,169.64,166.7,169.06,4616656.0
2017-08-24,169.86,171.2363,166.15,168.13,5270931.0,0.0,1.0,169.86,171.2363,166.15,168.13,5270931.0
2017-08-25,168.58,168.75,165.5,165.95,4045626.0,0.0,1.0,168.58,168.75,165.5,165.95,4045626.0
2017-08-28,166.43,168.67,165.6,167.12,3619575.0,0.0,1.0,166.43,168.67,165.6,167.12,3619575.0
2017-08-29,165.0,169.68,164.73,168.81,4573282.0,0.0,1.0,165.0,169.68,164.73,168.81,4573282.0
2017-08-30,169.5,174.85,169.37,174.69,7985196.0,0.0,1.0,169.5,174.85,169.37,174.69,7985196.0
2017-08-31,175.45,176.24,173.86,174.71,6886143.0,0.0,1.0,175.45,176.24,173.86,174.71,6886143.0
2017-09-01,175.55,176.48,173.92,174.74,3781453.0,0.0,1.0,175.55,176.48,173.92,174.74,3781453.0
2017-09-05,173.4,175.88,172.44,174.52,4580903.0,0.0,1.0,173.4,175.88,172.44,174.52,4580903.0
2017-09-06,175.25,179.46,173.73,179.25,8695383.0,0.0,1.0,175.25,179.46,173.73,179.25,8695383.0
2017-09-07,178.8,180.35,177.1,179.0,5938152.0,0.0,1.0,178.8,180.35,177.1,179.0,5938152.0
2017-09-08,178.45,180.39,176.25,176.42,4577777.0,0.0,1.0,178.45,180.39,176.25,176.42,4577777.0
2017-09-11,178.1,182.47,178.03,181.74,5936476.0,0.0,1.0,178.1,182.47,178.03,181.74,5936476.0
2017-09-12,182.55,185.33,180.6435,185.15,6606688.0,0.0,1.0,182.55,185.33,180.6435,185.15,6606688.0
2017-09-13,184.07,184.4995,182.55,183.64,4303277.0,0.0,1.0,184.07,184.4995,182.55,183.64,4303277.0
2017-09-14,183.25,185.2882,182.07,182.63,4469985.0,0.0,1.0,183.25,185.2882,182.07,182.63,4469985.0
2017-09-15,182.73,184.93,181.43,182.1,5442089.0,0.0,1.0,182.73,184.93,181.43,182.1,5442089.0
2017-09-18,183.61,185.45,182.73,184.62,5318130.0,0.0,1.0,183.61,185.45,182.73,184.62,5318130.0
2017-09-19,184.98,186.23,184.17,185.68,4951465.0,0.0,1.0,184.98,186.23,184.17,185.68,4951465.0
2017-09-20,186.1,186.5,183.2,185.51,4473036.0,0.0,1.0,186.1,186.5,183.2,185.51,4473036.0
2017-09-21,185.82,189.95,184.51,188.78,7113489.0,0.0,1.0,185.82,189.95,184.51,188.78,7113489.0
2017-09-22,188.4,189.85,186.39,187.35,5420227.0,0.0,1.0,188.4,189.85,186.39,187.35,5420227.0
2017-09-25,186.46,186.55,177.7,178.55,9322531.0,0.0,1.0,186.46,186.55,177.7,178.55,9322531.0
2017-09-26,180.7,180.95,176.55,179.38,5572599.0,0.0,1.0,180.7,180.95,176.55,179.38,5572599.0
2017-09-27,181.01,183.34,180.7,181.97,4963152.0,0.0,1.0,181.01,183.34,180.7,181.97,4963152.0
2017-09-28,181.25,181.95,179.36,180.7,4064507.0,0.0,1.0,181.25,181.95,179.36,180.7,4064507.0
2017-09-29,180.73,182.9,180.65,181.35,4193999.0,0.0,1.0,180.73,182.9,180.65,181.35,4193999.0
2017-10-02,182.11,182.8,176.58,177.01,7316345.0,0.0,1.0,182.11,182.8,176.58,177.01,7316345.0
2017-10-03,177.65,179.7,177.55,179.19,3903112.0,0.0,1.0,177.65,179.7,177.55,179.19,3903112.0
2017-10-04,181.41,186.7,181.25,184.45,9170855.0,0.0,1.0,181.41,186.7,181.25,184.45,9170855.0
2017-10-05,185.65,194.49,184.49,194.39,19270032.0,0.0,1.0,185.65,194.49,184.49,194.39,19270032.0
2017-10-06,194.3,198.92,192.05,198.02,15096222.0,0.0,1.0,194.3,198.92,192.05,198.02,15096222.0
2017-10-09,199.1,199.4,196.56,196.87,6912140.0,0.0,1.0,199.1,199.4,196.56,196.87,6912140.0
2017-10-10,197.85,198.3,192.1,195.08,6179012.0,0.0,1.0,197.85,198.3,192.1,195.08,6179012.0
2017-10-11,195.57,196.2199,193.81,194.95,5544715.0,0.0,1.0,195.57,196.2199,193.81,194.95,5544715.0
2017-10-12,196.75,198.62,194.71,195.86,7723224.0,0.0,1.0,196.75,198.62,194.71,195.86,7723224.0
2017-10-13,199.7,200.8199,197.1866,199.49,11929816.0,0.0,1.0,199.7,200.8199,197.1866,199.49,11929816.0
2017-10-16,201.95,202.83,197.86,202.68,18103086.0,0.0,1.0,201.95,202.83,197.86,202.68,18103086.0
2017-10-17,200.11,204.38,197.77,199.48,23819054.0,0.0,1.0,200.11,204.38,197.77,199.48,23819054.0
2017-10-18,199.99,200.01,194.25,195.54,11133883.0,0.0,1.0,199.99,200.01,194.25,195.54,11133883.0
2017-10-19,193.01,195.25,191.16,195.13,7007447.0,0.0,1.0,193.01,195.25,191.16,195.13,7007447.0
2017-10-20,195.9,196.38,193.77,194.16,5907121.0,0.0,1.0,195.9,196.38,193.77,194.16,5907121.0
2017-10-23,194.17,194.8999,191.0346,192.47,6952997.0,0.0,1.0,194.17,194.8999,191.0346,192.47,6952997.0
2017-10-24,192.75,196.735,191.4,196.02,6985460.0,0.0,1.0,192.75,196.735,191.4,196.02,6985460.0
2017-10-25,195.38,197.055,193.01,193.77,5231713.0,0.0,1.0,195.38,197.055,193.01,193.77,5231713.0
2017-10-26,194.66,197.61,194.08,195.21,5101258.0,0.0,1.0,194.66,197.61,194.08,195.21,5101258.0
2017-10-27,197.2,200.65,196.22,199.54,8088364.0,0.0,1.0,197.2,200.65,196.22,199.54,8088364.0
2017-10-30,199.62,201.099,197.0721,198.37,5412277.0,0.0,1.0,199.62,201.099,197.0721,198.37,5412277.0
2017-10-31,198.21,198.59,195.218,196.43,5437925.0,0.0,1.0,198.21,198.59,195.218,196.43,5437925.0
2017-11-01,197.24,199.199,196.0,198.0,4983343.0,0.0,1.0,197.24,199.199,196.0,198.0,4983343.0
2017-11-02,197.45,199.44,197.0901,199.32,3578289.0,0.0,1.0,197.45,199.44,197.0901,199.32,3578289.0
2017-11-03,199.8,200.55,197.99,200.01,3643216.0,0.0,1.0,199.8,200.55,197.99,200.01,3643216.0
2017-11-06,200.0,202.48,198.09,200.13,5834857.0,0.0,1.0,200.0,202.48,198.09,200.13,5834857.0
2017-11-07,200.0,200.61,194.8,195.89,6413310.0,0.0,1.0,200.0,200.61,194.8,195.89,6413310.0
2017-11-09,194.46,194.49,190.81,193.9,5839579.0,0.0,1.0,194.46,194.49,190.81,193.9,5839579.0
2017-11-10,191.61,192.59,189.5,192.02,6609739.0,0.0,1.0,191.61,192.59,189.5,192.02,6609739.0
2017-11-13,191.12,196.05,191.0,195.08,4598005.0,0.0,1.0,191.12,196.05,191.0,195.08,4598005.0
2017-11-14,193.64,195.88,193.0,195.71,3408535.0,0.0,1.0,193.64,195.88,193.0,195.71,3408535.0
2017-11-15,194.54,195.42,191.53,192.12,4162712.0,0.0,1.0,194.54,195.42,191.53,192.12,4162712.0
2017-11-16,194.33,197.7,193.75,195.51,5655042.0,0.0,1.0,194.33,197.7,193.75,195.51,5655042.0
2017-11-17,195.74,195.95,192.65,193.2,3753775.0,0.0,1.0,195.74,195.95,192.65,193.2,3753775.0
2017-11-20,193.3,194.32,191.9,194.1,3727412.0,0.0,1.0,193.3,194.32,191.9,194.1,3727412.0
2017-11-21,195.04,197.52,194.971,196.23,4598017.0,0.0,1.0,195.04,197.52,194.971,196.23,4598017.0
2017-11-22,196.58,196.75,193.63,196.32,5879771.0,0.0,1.0,196.58,196.75,193.63,196.32,5879771.0
2017-11-24,196.65,196.9,195.33,195.75,2160300.0,0.0,1.0,196.65,196.9,195.33,195.75,2160300.0
2017-11-27,195.56,195.85,194.0,195.05,3186677.0,0.0,1.0,195.56,195.85,194.0,195.05,3186677.0
2017-11-28,195.34,199.68,194.01,199.18,6942358.0,0.0,1.0,195.34,199.68,194.01,199.18,6942358.0
2017-11-29,198.91,199.029,184.32,188.15,13905339.0,0.0,1.0,198.91,199.029,184.32,188.15,13905339.0
2017-11-30,190.31,190.86,186.68,187.58,6499326.0,0.0,1.0,190.31,190.86,186.68,187.58,6499326.0
2017-12-01,186.99,189.8,185.0,186.82,6163366.0,0.0,1.0,186.99,189.8,185.0,186.82,6163366.0
2017-12-04,189.36,189.72,178.38,184.04,9137873.0,0.0,1.0,189.36,189.72,178.38,184.04,9137873.0
2017-12-05,183.5,188.14,181.19,184.21,5547802.0,0.0,1.0,183.5,188.14,181.19,184.21,5547802.0
2017-12-06,183.38,186.4844,182.88,185.3,5006257.0,0.0,1.0,183.38,186.4844,182.88,185.3,5006257.0
2017-12-07,185.71,187.34,183.22,185.2,4543492.0,0.0,1.0,185.71,187.34,183.22,185.2,4543492.0
2017-12-08,186.5,189.42,186.3,188.54,4909440.0,0.0,1.0,186.5,189.42,186.3,188.54,4909440.0
2017-12-11,187.85,189.42,185.91,186.22,5131319.0,0.0,1.0,187.85,189.42,185.91,186.22,5131319.0
2017-12-12,186.01,187.85,184.8183,185.73,4135595.0,0.0,1.0,186.01,187.85,184.8183,185.73,4135595.0
2017-12-13,186.1,188.69,185.41,187.86,4653749.0,0.0,1.0,186.1,188.69,185.41,187.86,4653749.0
2017-12-14,187.98,192.64,187.2,189.56,7677048.0,0.0,1.0,187.98,192.64,187.2,189.56,7677048.0
2017-12-15,189.61,191.43,188.01,190.12,7048874.0,0.0,1.0,189.61,191.43,188.01,190.12,7048874.0
2017-12-18,191.2,191.65,188.9,190.42,4944337.0,0.0,1.0,191.2,191.65,188.9,190.42,4944337.0
2017-12-19,190.18,190.2981,185.75,187.02,6526555.0,0.0,1.0,190.18,190.2981,185.75,187.02,6526555.0
2017-12-20,187.94,189.11,185.26,188.82,5814609.0,0.0,1.0,187.94,189.11,185.26,188.82,5814609.0
2017-12-21,189.44,190.95,187.58,188.62,3522551.0,0.0,1.0,189.44,190.95,187.58,188.62,3522551.0
2017-12-22,188.33,190.95,186.8,189.94,3760922.0,0.0,1.0,188.33,190.95,186.8,189.94,3760922.0
2017-12-26,189.78,189.94,186.4,187.76,3032707.0,0.0,1.0,189.78,189.94,186.4,187.76,3032707.0
2017-12-27,187.8,188.1,185.22,186.24,3932094.0,0.0,1.0,187.8,188.1,185.22,186.24,3932094.0
2017-12-28,187.18,194.49,186.85,192.71,10080261.0,0.0,1.0,187.18,194.49,186.85,192.71,10080261.0
2017-12-29,192.51,193.95,191.22,191.96,5158845.0,0.0,1.0,192.51,193.95,191.22,191.96,5158845.0
2018-01-02,196.1,201.65,195.42,201.07,10854449.0,0.0,1.0,196.1,201.65,195.42,201.07,10854449.0
2018-01-03,202.05,206.21,201.5,205.05,8526678.0,0.0,1.0,202.05,206.21,201.5,205.05,8526678.0
2018-01-04,206.2,207.05,204.0006,205.63,5999150.0,0.0,1.0,206.2,207.05,204.0006,205.63,5999150.0
2018-01-05,207.25,210.02,205.59,209.99,6947850.0,0.0,1.0,207.25,210.02,205.59,209.99,6947850.0
2018-01-08,210.02,212.5,208.44,212.05,5508816.0,0.0,1.0,210.02,212.5,208.44,212.05,5508816.0
2018-01-09,212.11,212.98,208.59,209.31,5773129.0,0.0,1.0,212.11,212.98,208.59,209.31,5773129.0
2018-01-10,207.57,213.64,206.91,212.52,5783171.0,0.0,1.0,207.57,213.64,206.91,212.52,5783171.0
2018-01-11,214.29,217.75,213.35,217.24,6936990.0,0.0,1.0,214.29,217.75,213.35,217.24,6936990.0
2018-01-12,217.18,222.55,216.0,221.23,8150809.0,0.0,1.0,217.18,222.55,216.0,221.23,8150809.0
2018-01-16,224.24,226.07,217.2,221.53,10344272.0,0.0,1.0,224.24,226.07,217.2,221.53,10344272.0
2018-01-17,221.0,221.15,216.32,217.5,8979616.0,0.0,1.0,221.0,221.15,216.32,217.5,8979616.0
2018-01-18,220.34,220.58,216.55,220.33,8104960.0,0.0,1.0,220.34,220.58,216.55,220.33,8104960.0
2018-01-19,222.75,223.49,218.5,220.46,10257129.0,0.0,1.0,222.75,223.49,218.5,220.46,10257129.0
2018-01-22,222.0,227.785,221.2,227.58,13078653.0,0.0,1.0,222.0,227.785,221.2,227.58,13078653.0
2018-01-23,255.05,257.71,248.02,250.29,27518256.0,0.0,1.0,255.05,257.71,248.02,250.29,27518256.0
2018-01-24,250.88,261.71,249.311,261.279,17116019.0,0.0,1.0,250.88,261.71,249.311,261.279,17116019.0
2018-01-25,263.0,272.3,260.23,269.74,15127209.0,0.0,1.0,263.0,272.3,260.23,269.74,15127209.0
2018-01-26,271.485,274.6,268.76,274.6,10841105.0,0.0,1.0,271.485,274.6,268.76,274.6,10841105.0
2018-01-29,274.2,286.81,273.92,284.59,17290833.0,0.0,1.0,274.2,286.81,273.92,284.59,17290833.0
2018-01-30,277.0,282.73,272.7,278.8,11983092.0,0.0,1.0,277.0,282.73,272.7,278.8,11983092.0
2018-01-31,281.94,282.289,269.58,270.3,11192988.0,0.0,1.0,281.94,282.289,269.58,270.3,11192988.0
2018-02-01,266.41,271.95,263.38,265.07,9468021.0,0.0,1.0,266.41,271.95,263.38,265.07,9468021.0
2018-02-02,263.0,270.62,262.71,267.43,8968632.0,0.0,1.0,263.0,270.62,262.71,267.43,8968632.0
2018-02-05,262.0,267.899,250.03,255.59,11121359.0,0.0,1.0,262.0,267.899,250.03,255.59,11121359.0
2018-02-06,247.7,266.7,245.0,265.72,12285458.0,0.0,1.0,247.7,266.7,245.0,265.72,12285458.0
2018-02-07,266.58,272.45,264.325,264.56,8679872.0,0.0,1.0,266.58,272.45,264.325,264.56,8679872.0
2018-02-08,267.08,267.62,250.0,250.0542,8711249.0,0.0,1.0,267.08,267.62,250.0,250.0542,8711249.0
2018-02-09,253.85,255.7999,236.11,249.18,16282837.0,0.0,1.0,253.85,255.7999,236.11,249.18,16282837.0
2018-02-12,252.14,259.15,249.0,257.95,8453411.0,0.0,1.0,252.14,259.15,249.0,257.95,8453411.0
2018-02-13,257.29,261.41,254.7,258.27,6758332.0,0.0,1.0,257.29,261.41,254.7,258.27,6758332.0
2018-02-14,260.47,269.88,260.33,266.0,10819780.0,0.0,1.0,260.47,269.88,260.33,266.0,10819780.0
2018-02-15,270.03,280.5,267.63,280.27,10661768.0,0.0,1.0,270.03,280.5,267.63,280.27,10661768.0
2018-02-16,278.73,281.96,275.69,278.52,8223309.0,0.0,1.0,278.73,281.96,275.69,278.52,8223309.0
2018-02-20,277.74,285.812,276.61,278.55,7691297.0,0.0,1.0,277.74,285.812,276.61,278.55,7691297.0
2018-02-21,282.07,286.64,280.01,281.04,9289130.0,0.0,1.0,282.07,286.64,280.01,281.04,9289130.0
2018-02-22,283.88,284.5,274.45,278.14,8769251.0,0.0,1.0,283.88,284.5,274.45,278.14,8769251.0
2018-02-23,281.0,286.0,277.81,285.93,7224968.0,0.0,1.0,281.0,286.0,277.81,285.93,7224968.0
2018-02-26,288.75,295.6475,287.01,294.16,10203579.0,0.0,1.0,288.75,295.6475,287.01,294.16,10203579.0
2018-02-27,294.77,297.36,290.59,290.61,9187578.0,0.0,1.0,294.77,297.36,290.59,290.61,9187578.0
2018-02-28,293.1,295.75,290.78,291.38,7422673.0,0.0,1.0,293.1,295.75,290.78,291.38,7422673.0
2018-03-01,292.75,295.25,283.83,290.39,11932051.0,0.0,1.0,292.75,295.25,283.83,290.39,11932051.0
2018-03-02,284.65,301.18,283.23,301.05,13345313.0,0.0,1.0,284.65,301.18,283.23,301.05,13345313.0
2018-03-05,302.85,316.91,297.6,315.0,18986099.0,0.0,1.0,302.85,316.91,297.6,315.0,18986099.0
2018-03-06,319.88,325.79,316.5,325.22,18525844.0,0.0,1.0,319.88,325.79,316.5,325.22,18525844.0
2018-03-07,320.0,323.74,314.55,321.16,17132222.0,0.0,1.0,320.0,323.74,314.55,321.16,17132222.0
2018-03-08,322.2,322.9176,314.13,317.0,11182666.0,0.0,1.0,322.2,322.9176,314.13,317.0,11182666.0
2018-03-09,321.33,331.44,320.23,331.44,14152860.0,0.0,1.0,321.33,331.44,320.23,331.44,14152860.0
2018-03-12,333.56,333.98,318.6,321.3,20050086.0,0.0,1.0,333.56,333.98,318.6,321.3,20050086.0
2018-03-13,323.87,325.8409,313.278,315.88,12836292.0,0.0,1.0,323.87,325.8409,313.278,315.88,12836292.0
2018-03-14,318.16,323.88,317.7,321.55,10187889.0,0.0,1.0,318.16,323.88,317.7,321.55,10187889.0
2018-03-15,323.17,323.4,318.14,321.09,5217383.0,0.0,1.0,323.17,323.4,318.14,321.09,5217383.0
2018-03-16,321.42,324.11,318.37,318.45,7144077.0,0.0,1.0,321.42,324.11,318.37,318.45,7144077.0
2018-03-19,315.8,317.0,307.34,313.48,9812726.0,0.0,1.0,315.8,317.0,307.34,313.48,9812726.0
2018-03-20,313.26,319.5,312.8,317.5,5922296.0,0.0,1.0,313.26,319.5,312.8,317.5,5922296.0
2018-03-21,316.35,319.4,314.511,316.48,5016980.0,0.0,1.0,316.35,319.4,314.511,316.48,5016980.0
2018-03-22,313.07,314.12,305.66,306.7,7920524.0,0.0,1.0,313.07,314.12,305.66,306.7,7920524.0
2018-03-23,307.41,310.73,300.36,300.94,9226978.0,0.0,1.0,307.41,310.73,300.36,300.94,9226978.0
2018-03-26,309.36,321.03,302.0,320.35,11906279.0,0.0,1.0,309.36,321.03,302.0,320.35,11906279.0
2018-03-27,322.49,322.9,297.0,300.69,11890994.0,0.0,1.0,322.49,322.9,297.0,300.69,11890994.0
